,message,label,category
0,[배송조회] 9/9 고객주소가 잘못되었습니다. 택배가 반송되었습니다. 배송 주소 수정 uuuu.me/FgMRD7,스미싱,택배
1,[OO택배] 추석배송 물량증가로 배송이 지연되고 있습니다. 배송일정 확인하세요 http://nene.you/Nkln8,스미싱,택배
2,[OO통운] 고객님 택배 배송 불가 주소 배송불가 즉시 주소 변경 부탁드립니다. dsv.munjsjks.top/goolm,스미싱,택배
3,[로O택배] 당신의 택배 배송 실패 주소가 잘못되었으니 즉시 수정하여 주문 처리하십시오. https://mck000000[.]com,스미싱,택배
4,[로O] 송장번호 (5912******926) 주소불일치로 물품보관중입니다. https://booc.kr/18zh1,스미싱,택배
5,[OO택배] 송장번호 76**-96**-13** 배송지오류 배송지를 확인부탁드립니다 https://bit.ly/3s5klzs,스미싱,택배
6,[OO 택배] 택배 배송 불가 * 주* 소 불 완 전 함 즉 시 변 경 부 탁 드 립 니 다 dokdo.in/V0h,스미싱,택배
7,[생활불편신고] 귀하에게 민원이 접수되어 통보드립니다. 민원확인 http://bit.ly/2Hh9vp9,스미싱,공공기관
8,[도로공사] OOO님 차량 불법단속대상 적발! 확인 후 빠른처리 요망! http365.com,스미싱,공공기관
9,[민원24] 층간소음으로 민원이 접수되어 안내 드립니다. 민원확인 https://c11.kr/2qn0,스미싱,공공기관
10,[Web발신] [경찰청교통민원] 교통법칙금통지 발송 완료 http://bit.ly/3Jh2vp5,스미싱,공공기관
11,"[Web발신] [건강검진센터] 건강검진 보고서 발송완료, 내용보기 http://b16.h7bv.wtf",스미싱,공공기관
12,[Web발신] 국민건강보험 건강정보보기 http://nhisis.xyz/,스미싱,공공기관
13,[교통민원 24] 위반도로교통 법 시 행령의과태료 고지서 발송 완료 www.efinemin.com/7ZBtP0,스미싱,공공기관
14,[Web발신] [교통민원24] 과속운전(속도측정카메라 촬영)처벌 안내발송되었습니다 http://gr.hsorx.asia:6161,스미싱,공공기관
15,"공공기관 민원 사칭 - 주민등록, 운전면허, 계좌조회 등 조합된 정보 다수 포함 다수 포함됨",스미싱,공공기관
16,[Web발신] 코로나19 피해 소상공인 방역지원금 3차 신청 안내 본문에 포함,스미싱,정부지원금
17,[OO부 지원금 신청 안내] 귀하는 국민지원금 신청대상자입니다 http://kr.center.com,스미싱,정부지원금
18,[Web발신](광고) 정부 지원사업 대상자 안내 전화번호 포함형,스미싱,정부지원금
19,[질병관리청] 코로나19 백신 예약 인증 본인확인 https://ya.mba/3Pm,스미싱,백신
20,☞(^o^)/~★ 추석 잘 보내시고 2021년 남은 시간 모두 모두 행복하세요 http://woz.kr/mhgd,스미싱,지인/명절
21,내일 결혼^혼 선발 웨딩^드레스 사진 보여드릴까요 goo.gl/xxxxxx,스미싱,지인/명절
22,상품 수령 안내 및 이벤트 참여 요청 http://vno.kr/ncqhB,스미싱,기타
23,추석 인사 메시지와 함께 영상 링크 제공 http://mnon.it/Pnti1,스미싱,기타
24,[OO부 지원금 신청 안내] 귀하는 지원금 1차 신청대상자에 해당되므로 온라인센터에서 신청 바랍니다 http://kr.center.com,스미싱,정부지원금
25,귀하는 지원금 1차 신청대상자 입니다. 신청하기 -> http://kr-hw.com,스미싱,정부지원금
26,지원금신청이 접수되었습니다. 다시한번 확인 부탁드립니다 http://tablew.net,스미싱,정부지원금
27,[Web발신] 국내 우한폐렴 급속도확산 감염자 및 접촉자 신분정보 확인하기 news.naver.com...kr,스미싱,보건사칭
28,[Web발신] 코로나 전염병환자 휴게소에서 수많은 사람과 접촉 http://.../pDX,스미싱,보건사칭
29,저희 결혼합니다^^ 꼭 축하해주세요 http://pp.b'x.com/'cce's,스미싱,지인사칭
30,추석 잘 보내시고 2014년 남은 시간 모두 모두 행복하십시오^.^ http://woz.kr/mhgd,스미싱,지인사칭
31,설날 선물세트가 내일 배송 준비중입니다. 정확한 주소지 기재해주세요 jul.im/yKl,스미싱,택배
32,"[OOO 통운] 배송불가(주소불명), 수취정보 변경/확인해주세요 http://twxr.kr/HeEN",스미싱,택배
33,쿠팡맨 박OO입니다. 주소지 오류 배송품 지연중입니다 http://zrr.kr/FGfn,스미싱,택배
34,교통법규위반으로 안내 [청구명령] 발부되었습니다 http://www.coutcarco.kr,스미싱,공공기관
35,[교통 위반 알림] 귀하의 위반 사실 및 민원내용 참조 gos.carmoas.com,스미싱,공공기관
36,[WEB발신] 국민건강보험료 검진 대상이오니 꼭 일정안 받으십시오 tmfie2.com 1577-1000,스미싱,공공기관
37,설날에 찾아뵈야하는데 영상으로나마 인사드립니다 zxy.kr/0ep,스미싱,지인사칭
38,아버지께서 어제 저녁 여섯시에 별세하셨기에 삼가 알려드립니다. 장례식장 t.ly (초대장카드 포함),스미싱,지인사칭
39,[OO은행] 행복을 함께 나누며 고객과 항상 동하는 OO은행이 되겠습니다. 긴급자금지원 안내 미지정,스미싱,금융사칭
40,[CJ대한통운] 등기소포 배송불가(주소불명) 주소지 확인 https://goo.gl/gBfKxn,스미싱,택배
41,[OO통운] 등기소포 배송불가 주소지 확인/변경 요청 xx.com,스미싱,택배
42,부재중이라 물품이 반송되었습니다. 재배송 신청 xx.com,스미싱,택배
43,[도로공사] 차량 단속대상 적발 확인 요망 htt999.com,스미싱,공공기관
44,[민방위] 비상소집 훈련 통보 xx.com,스미싱,공공기관
45,[민원24] 층간소음으로 민원이 접수되어 안내 xx.com,스미싱,공공기관
46,청첩장이 도착하였습니다. 많은 참석 부탁드립니다 http://ti.or/uxyg,스미싱,지인사칭
47,돌잔치 초청 1월 1일 10시 꼭 와주세요 xx.com,스미싱,지인사칭
48,저희 결혼합니다. 축하해 주세요 xx.com,스미싱,지인사칭
49,[한진택배] 택배 도착하자 간단한 문앞에 보관합니다. 사진 bweyr.zuwm.me,스미싱,택배
50,"[Web발신] 고객님 주문하신 ■:건강의료기 799,000원 발송예정 문의번호 포함",스미싱,의료사칭
51,[Web발신] 택배 정확한 주소/정보 수정 me2.do/xhsdp2pl,스미싱,택배
52,"[Web발신] 국민건강정지, 내용확인해주세요 bitly.kr/M208cK",스미싱,건강정보 사칭
53,고객님 예약하신 물품 보냈습니다. 클릭 조회부탁합니다 http://...ddns.net,스미싱,예약사칭
54,상품이 배송되었습니다. 자세한 내용을 보시려면 아래 클릭하세요 http://tinyurl.com/ya3phxn6,스미싱,택배
55,"""롯데리아"" 한우불고기세트 사용쿠폰 2매 http://tiny.cc/gool",스미싱,이벤트 사칭
56,모바일 돌잔치초대장을 보내드렸습니다. 참석하여 주시기 바랍니다. http://balca.er/vervvr,스미싱,지인사칭
57,아버님께서 오늘 별세하셨기에 삼가 알려드립니다. 장례식장 http://t.ly/HkIpA,스미싱,지인사칭
59,[Web발신] 교통신호 미준수 법칙금 및 법점(미처리) 조회 바랍니다. http://t2m.kr/hxWly,스미싱,공공기관
60,[Web발신] [교통범칙금] 11/26 교통위반 과속 과태료(미처리) 고지서 발송 완료 http://orl.kr/iB,스미싱,공공기관
61,[Web발신] 고객님 물량증가로 1~2일 지연 예상되어 문자드립니다. 많은 양해 부탁드립니다. 도메인 불명 (가려짐),스미싱,택배
62,[Web발신] 고객님 물품 주소 지불명으로 반송처리/주소지 재확인 mgsa1.udco0.com,스미싱,택배
63,등기발송하였으나 부재중으로 전달불가 하였습니다. 내용확인 sky1004.cc,스미싱,법원/등기
64,10월30일 저희 결혼해요. 축하해주세요. 모시는글 http://cd99.uso.com,스미싱,지인사칭
65,"[휴대폰 결제]00 10/26 결제금액: 55,000원 결제세부확인 http://goglep.net",스미싱,결제사칭
66,건강보험 환급금 신청 정보 - 환급금 안내 https://naver.me/sEaRkuA4,스미싱,건강보험 사칭
67,[국외발신] 국민건강보험 환급금 확인 바랍니다. dokdo.in/nhis,스미싱,건강보험 사칭
68,[Web발신] (광고) 건강보험료 환급 https://url.kr/d4v9np,스미싱,건강보험 사칭
69,[Web발신] 고객님 택배 배송이 지연 중입니다. 확인 바랍니다. http://bit.ly/3y4bt7,스미싱,택배
70,[Web발신] [국민건강보험] 환급금 신청 확인 후 입금 예정입니다. http://short.kr/07jywx3j2p,스미싱,건강보험
71,[Web발신] [교통위반] 범칙금 고지서 발송 완료. 확인 필수 http://tinyurl.com/ajqhlp1ew,스미싱,범칙금
72,[Web발신] 모바일 인증번호가 도착했습니다. 링크 접속 필요 http://bit.ly/ec6ifk1,스미싱,기타
73,[Web발신] 청첩장이 도착했습니다. 많은 참석 부탁드립니다. http://orl.kr/6tyey,스미싱,경조사
74,[Web발신] 추석 선물 쿠폰이 도착했습니다. 지금 확인하세요! http://t.ly/sgous2,스미싱,명절
75,[Web발신] 새해 선물 발송 안내드립니다. 주소 확인 바랍니다. http://short.kr/266if5,스미싱,명절
76,[Web발신] 모바일 인증번호가 도착했습니다. 링크 접속 필요 http://t.ly/24zdr,스미싱,기타
77,[Web발신] 모바일 인증번호가 도착했습니다. 링크 접속 필요 http://t.ly/njeiw,스미싱,기타
78,[Web발신] 물품 도착했으나 주소 오류로 반송되었습니다. 재확인 부탁드립니다. http://orl.kr/hy0e605z,스미싱,택배
79,[Web발신] 새해 선물 발송 안내드립니다. 주소 확인 바랍니다. http://tinyurl.com/m3j9xmtzzn,스미싱,명절
80,[Web발신] 건강보험료 미납 확인 바랍니다. 추가 정보 확인 http://tinyurl.com/578r2fqf7,스미싱,건강보험
81,[Web발신] 고객님 휴대폰 요금 미납 내역 발생. 확인 요망 http://orl.kr/g4ytii85,스미싱,기타
82,[Web발신] [교통위반] 범칙금 고지서 발송 완료. 확인 필수 http://ddns.net/mupcw,스미싱,범칙금
83,[Web발신] [국민건강보험] 환급금 신청 확인 후 입금 예정입니다. http://ddns.net/mjvor,스미싱,건강보험
84,[Web발신] 모바일 돌잔치 초대장을 보내드립니다. 확인해주세요. http://ddns.net/rt0p94m,스미싱,경조사
85,[Web발신] [국민건강보험] 환급금 신청 확인 후 입금 예정입니다. http://ddns.net/nh2fykrnp,스미싱,건강보험
86,[Web발신] [국민건강보험] 환급금 신청 확인 후 입금 예정입니다. http://bit.ly/n21dy7q,스미싱,건강보험
87,[Web발신] [교통위반] 범칙금 고지서 발송 완료. 확인 필수 http://bit.ly/u0mhq7l,스미싱,범칙금
88,[Web발신] 모바일 인증번호가 도착했습니다. 링크 접속 필요 http://url.kr/wiqaat9,스미싱,기타
89,[Web발신] 건강보험료 미납 확인 바랍니다. 추가 정보 확인 http://me2.do/4ra2w8,스미싱,건강보험
90,[Web발신] 등기 도착 안내드립니다. 수령자 확인 필요 http://me2.do/bux04ikpr7,스미싱,택배
91,[Web발신] [국민건강보험] 환급금 신청 확인 후 입금 예정입니다. http://ddns.net/ruo8gcbc,스미싱,건강보험
92,[Web발신] 모바일 인증번호가 도착했습니다. 링크 접속 필요 http://tinyurl.com/cbwvet,스미싱,기타
93,[Web발신] 물품 도착했으나 주소 오류로 반송되었습니다. 재확인 부탁드립니다. http://orl.kr/kt2m8tw,스미싱,택배
94,[Web발신] 추석 선물 쿠폰이 도착했습니다. 지금 확인하세요! http://me2.do/x73s6mo5,스미싱,명절
95,[Web발신] 추석 선물 쿠폰이 도착했습니다. 지금 확인하세요! http://url.kr/17apm,스미싱,명절
96,[Web발신] 청첩장이 도착했습니다. 많은 참석 부탁드립니다. http://ddns.net/xh7kofwx,스미싱,경조사
97,[Web발신] 모바일 돌잔치 초대장을 보내드립니다. 확인해주세요. http://ddns.net/4h2xhtz,스미싱,경조사
98,[Web발신] 등기 도착 안내드립니다. 수령자 확인 필요 http://short.kr/60oakn60,스미싱,택배
99,[Web발신] 물품 도착했으나 주소 오류로 반송되었습니다. 재확인 부탁드립니다. http://url.kr/k3ukujg8,스미싱,택배
100,[Web발신] 새해 선물 발송 안내드립니다. 주소 확인 바랍니다. http://short.kr/aoiw1,스미싱,명절
101,[Web발신] [국민건강보험] 환급금 신청 확인 후 입금 예정입니다. http://url.kr/coydswuuj,스미싱,건강보험
102,[Web발신] [교통위반] 범칙금 고지서 발송 완료. 확인 필수 http://me2.do/93gh296vm,스미싱,범칙금
103,[Web발신] 과태료 미납 내역 발생. 자세한 정보 확인 바랍니다. http://short.kr/s4psnqzng,스미싱,범칙금
104,[Web발신] 건강보험료 미납 확인 바랍니다. 추가 정보 확인 http://naver.me/tt2k62atf,스미싱,건강보험
105,[Web발신] 새해 선물 발송 안내드립니다. 주소 확인 바랍니다. http://ddns.net/jpk90uw5,스미싱,명절
106,[Web발신] 추석 선물 쿠폰이 도착했습니다. 지금 확인하세요! http://tinyurl.com/5bf2k10cu,스미싱,명절
107,[Web발신] 추석 선물 쿠폰이 도착했습니다. 지금 확인하세요! http://bit.ly/5b2gac,스미싱,명절
108,[Web발신] 새해 선물 발송 안내드립니다. 주소 확인 바랍니다. http://tinyurl.com/ix7jjnvb,스미싱,명절
109,[Web발신] 모바일 돌잔치 초대장을 보내드립니다. 확인해주세요. http://tinyurl.com/xf5u46puh,스미싱,경조사
110,[Web발신] 건강보험료 미납 확인 바랍니다. 추가 정보 확인 http://url.kr/k6c3dw,스미싱,건강보험
111,[Web발신] 모바일 인증번호가 도착했습니다. 링크 접속 필요 http://t.ly/z1hsvctq0,스미싱,기타
112,[Web발신] [교통위반] 범칙금 고지서 발송 완료. 확인 필수 http://ddns.net/oycs15cc,스미싱,범칙금
113,[Web발신] 모바일 인증번호가 도착했습니다. 링크 접속 필요 http://url.kr/rkekm,스미싱,기타
114,[Web발신] [교통위반] 범칙금 고지서 발송 완료. 확인 필수 http://short.kr/dx7fiaq,스미싱,범칙금
115,[Web발신] 추석 선물 쿠폰이 도착했습니다. 지금 확인하세요! http://bit.ly/o8y93hpm,스미싱,명절
116,[Web발신] 고객님 휴대폰 요금 미납 내역 발생. 확인 요망 http://t.ly/gbfezcvc,스미싱,기타
117,[Web발신] 과태료 미납 내역 발생. 자세한 정보 확인 바랍니다. http://url.kr/h1umt,스미싱,범칙금
118,[Web발신] 과태료 미납 내역 발생. 자세한 정보 확인 바랍니다. http://short.kr/fghzekuxe,스미싱,범칙금
119,[Web발신] 모바일 돌잔치 초대장을 보내드립니다. 확인해주세요. http://bit.ly/pvl04hbj9k,스미싱,경조사
120,[Web발신] 과태료 미납 내역 발생. 자세한 정보 확인 바랍니다. http://short.kr/ja9texz,스미싱,범칙금
121,[Web발신] 고객님 휴대폰 요금 미납 내역 발생. 확인 요망 http://me2.do/jotew1cmr,스미싱,기타
122,[Web발신] 모바일 돌잔치 초대장을 보내드립니다. 확인해주세요. http://ddns.net/4883k1p28,스미싱,경조사
123,[Web발신] 건강보험료 미납 확인 바랍니다. 추가 정보 확인 http://naver.me/5mnvp0m4vi,스미싱,건강보험
124,[Web발신] 새해 선물 발송 안내드립니다. 주소 확인 바랍니다. http://me2.do/ryriau,스미싱,명절
125,[Web발신] 과태료 미납 내역 발생. 자세한 정보 확인 바랍니다. http://t.ly/3mibwp,스미싱,범칙금
126,[Web발신] 건강보험료 미납 확인 바랍니다. 추가 정보 확인 http://url.kr/b77mwvmbi5,스미싱,건강보험
127,[Web발신] 청첩장이 도착했습니다. 많은 참석 부탁드립니다. http://t.ly/dnzonwwxzm,스미싱,경조사
128,[Web발신] 등기 도착 안내드립니다. 수령자 확인 필요 http://short.kr/63t1m,스미싱,택배
129,[Web발신] 물품 도착했으나 주소 오류로 반송되었습니다. 재확인 부탁드립니다. http://tinyurl.com/guexwer,스미싱,택배
130,[Web발신] [교통위반] 범칙금 고지서 발송 완료. 확인 필수 http://url.kr/4eb6yays7,스미싱,범칙금
131,[Web발신] 청첩장이 도착했습니다. 많은 참석 부탁드립니다. http://ddns.net/0vviuy,스미싱,경조사
132,[Web발신] 고객님 택배 배송이 지연 중입니다. 확인 바랍니다. http://orl.kr/po1yx,스미싱,택배
133,[Web발신] 고객님 휴대폰 요금 미납 내역 발생. 확인 요망 http://orl.kr/em3d4kgisq,스미싱,기타
134,[Web발신] 청첩장이 도착했습니다. 많은 참석 부탁드립니다. http://me2.do/8vdhsw6t9,스미싱,경조사
135,[Web발신] [교통위반] 범칙금 고지서 발송 완료. 확인 필수 http://me2.do/yykm7t0,스미싱,범칙금
136,[Web발신] 청첩장이 도착했습니다. 많은 참석 부탁드립니다. http://naver.me/kw1gx6ovu,스미싱,경조사
137,[Web발신] 고객님 택배 배송이 지연 중입니다. 확인 바랍니다. http://me2.do/f5mshp9jc,스미싱,택배
138,[Web발신] [교통위반] 범칙금 고지서 발송 완료. 확인 필수 http://ddns.net/nzuo6imz1,스미싱,범칙금
139,[Web발신] 새해 선물 발송 안내드립니다. 주소 확인 바랍니다. http://bit.ly/l75f3,스미싱,명절
140,[Web발신] 모바일 인증번호가 도착했습니다. 링크 접속 필요 http://short.kr/rit38v2,스미싱,기타
141,[Web발신] 모바일 인증번호가 도착했습니다. 링크 접속 필요 http://bit.ly/v5ev9fm,스미싱,기타
142,[Web발신] 모바일 인증번호가 도착했습니다. 링크 접속 필요 http://ddns.net/6uturc1fa,스미싱,기타
143,[Web발신] 고객님 택배 배송이 지연 중입니다. 확인 바랍니다. http://url.kr/svcp21qv6,스미싱,택배
144,[Web발신] 모바일 인증번호가 도착했습니다. 링크 접속 필요 http://ddns.net/5mt91heov,스미싱,기타
145,[Web발신] 모바일 인증번호가 도착했습니다. 링크 접속 필요 http://ddns.net/gry1axh,스미싱,기타
146,[Web발신] 모바일 돌잔치 초대장을 보내드립니다. 확인해주세요. http://short.kr/l3e4fy,스미싱,경조사
147,[Web발신] [교통위반] 범칙금 고지서 발송 완료. 확인 필수 http://orl.kr/cgjkmwm41,스미싱,범칙금
148,[Web발신] 건강보험료 미납 확인 바랍니다. 추가 정보 확인 http://t.ly/njtu8avoiy,스미싱,건강보험
149,[Web발신] 과태료 미납 내역 발생. 자세한 정보 확인 바랍니다. http://ddns.net/4dfcy55na,스미싱,범칙금
150,[Web발신] 모바일 돌잔치 초대장을 보내드립니다. 확인해주세요. http://url.kr/29kqu,스미싱,경조사
151,[Web발신] 모바일 인증번호가 도착했습니다. 링크 접속 필요 http://naver.me/s6c7j1x,스미싱,기타
152,[Web발신] 등기 도착 안내드립니다. 수령자 확인 필요 http://short.kr/o7jn66s,스미싱,택배
153,[Web발신] [교통위반] 범칙금 고지서 발송 완료. 확인 필수 http://url.kr/ahxl5ccyw,스미싱,범칙금
154,[Web발신] 건강보험료 미납 확인 바랍니다. 추가 정보 확인 http://naver.me/gkocf,스미싱,건강보험
155,[Web발신] 모바일 인증번호가 도착했습니다. 링크 접속 필요 http://naver.me/7tb09rxq,스미싱,기타
156,[Web발신] 청첩장이 도착했습니다. 많은 참석 부탁드립니다. http://t.ly/m6ybtimuok,스미싱,경조사
157,[Web발신] 고객님 휴대폰 요금 미납 내역 발생. 확인 요망 http://orl.kr/pkcl43zjlz,스미싱,기타
158,[Web발신] 추석 선물 쿠폰이 도착했습니다. 지금 확인하세요! http://naver.me/yz0lmar,스미싱,명절
159,[Web발신] 건강보험료 미납 확인 바랍니다. 추가 정보 확인 http://bit.ly/pgmu4ao,스미싱,건강보험
160,[Web발신] 추석 선물 쿠폰이 도착했습니다. 지금 확인하세요! http://tinyurl.com/y4no08pio,스미싱,명절
161,[Web발신] 건강보험료 미납 확인 바랍니다. 추가 정보 확인 http://naver.me/srzpbun7i,스미싱,건강보험
162,[Web발신] 고객님 택배 배송이 지연 중입니다. 확인 바랍니다. http://tinyurl.com/unxk8wc,스미싱,택배
163,[Web발신] [국민건강보험] 환급금 신청 확인 후 입금 예정입니다. http://tinyurl.com/dhzuuaen,스미싱,건강보험
164,[Web발신] 고객님 택배 배송이 지연 중입니다. 확인 바랍니다. http://url.kr/980qwgl,스미싱,택배
165,[Web발신] 건강보험료 미납 확인 바랍니다. 추가 정보 확인 http://short.kr/ulrel,스미싱,건강보험
166,[Web발신] 모바일 인증번호가 도착했습니다. 링크 접속 필요 http://naver.me/w17ckl96,스미싱,기타
167,[Web발신] 고객님 택배 배송이 지연 중입니다. 확인 바랍니다. http://t.ly/sdj59f9y8,스미싱,택배
168,[Web발신] 등기 도착 안내드립니다. 수령자 확인 필요 http://bit.ly/dposuh,스미싱,택배
169,[Web발신] 고객님 휴대폰 요금 미납 내역 발생. 확인 요망 http://t.ly/xkzish67g,스미싱,기타
170,[Web발신] 새해 선물 발송 안내드립니다. 주소 확인 바랍니다. http://orl.kr/lw98kh,스미싱,명절
171,[Web발신] 과태료 미납 내역 발생. 자세한 정보 확인 바랍니다. http://orl.kr/wdx3k3,스미싱,범칙금
172,[Web발신] [교통위반] 범칙금 고지서 발송 완료. 확인 필수 http://t.ly/gbgrwom,스미싱,범칙금
173,[Web발신] 물품 도착했으나 주소 오류로 반송되었습니다. 재확인 부탁드립니다. http://bit.ly/w1l6zb7u,스미싱,택배
174,[Web발신] 과태료 미납 내역 발생. 자세한 정보 확인 바랍니다. http://ddns.net/881m42l08y,스미싱,범칙금
175,[Web발신] 모바일 돌잔치 초대장을 보내드립니다. 확인해주세요. http://naver.me/266bd714yd,스미싱,경조사
176,[Web발신] 모바일 돌잔치 초대장을 보내드립니다. 확인해주세요. http://url.kr/g3s8co0qbp,스미싱,경조사
177,[Web발신] [교통위반] 범칙금 고지서 발송 완료. 확인 필수 http://bit.ly/lvb2nodtsa,스미싱,범칙금
178,[Web발신] 건강보험료 미납 확인 바랍니다. 추가 정보 확인 http://t.ly/6xadf,스미싱,건강보험
179,[Web발신] 고객님 휴대폰 요금 미납 내역 발생. 확인 요망 http://tinyurl.com/fkg2pdsh,스미싱,기타
180,[Web발신] 모바일 인증번호가 도착했습니다. 링크 접속 필요 http://short.kr/azvex9,스미싱,기타
181,[Web발신] 건강보험료 미납 확인 바랍니다. 추가 정보 확인 http://tinyurl.com/jpumu,스미싱,건강보험
182,[Web발신] 새해 선물 발송 안내드립니다. 주소 확인 바랍니다. http://naver.me/0fp9ntdc,스미싱,명절
183,[Web발신] 건강보험료 미납 확인 바랍니다. 추가 정보 확인 http://ddns.net/t659lgp91,스미싱,건강보험
184,[Web발신] [교통위반] 범칙금 고지서 발송 완료. 확인 필수 http://t.ly/np9sah27,스미싱,범칙금
185,[Web발신] 등기 도착 안내드립니다. 수령자 확인 필요 http://ddns.net/f9ccr,스미싱,택배
186,[Web발신] 새해 선물 발송 안내드립니다. 주소 확인 바랍니다. http://url.kr/e1xw2w0,스미싱,명절
187,[Web발신] 모바일 인증번호가 도착했습니다. 링크 접속 필요 http://ddns.net/0x235j,스미싱,기타
188,[Web발신] 새해 선물 발송 안내드립니다. 주소 확인 바랍니다. http://short.kr/uk41og2g,스미싱,명절
189,[Web발신] 새해 선물 발송 안내드립니다. 주소 확인 바랍니다. http://ddns.net/z5i0yt8,스미싱,명절
190,[Web발신] 과태료 미납 내역 발생. 자세한 정보 확인 바랍니다. http://tinyurl.com/ees4t5y,스미싱,범칙금
191,[Web발신] 청첩장이 도착했습니다. 많은 참석 부탁드립니다. http://ddns.net/xshvclq,스미싱,경조사
192,[Web발신] 물품 도착했으나 주소 오류로 반송되었습니다. 재확인 부탁드립니다. http://short.kr/lzle39e,스미싱,택배
193,[Web발신] 건강보험료 미납 확인 바랍니다. 추가 정보 확인 http://ddns.net/vpwwpf,스미싱,건강보험
194,[Web발신] 건강보험료 미납 확인 바랍니다. 추가 정보 확인 http://me2.do/im1ymfs4bq,스미싱,건강보험
195,[Web발신] [교통위반] 범칙금 고지서 발송 완료. 확인 필수 http://url.kr/zsr2c,스미싱,범칙금
196,[Web발신] 새해 선물 발송 안내드립니다. 주소 확인 바랍니다. http://me2.do/mki764rpf6,스미싱,명절
197,[Web발신] 과태료 미납 내역 발생. 자세한 정보 확인 바랍니다. http://ddns.net/3lo2rv,스미싱,범칙금
198,[Web발신] 건강보험료 미납 확인 바랍니다. 추가 정보 확인 http://naver.me/wzqyx0zfn,스미싱,건강보험
199,[Web발신] 물품 도착했으나 주소 오류로 반송되었습니다. 재확인 부탁드립니다. http://naver.me/d1q2wf1,스미싱,택배
200,[Web발신] 청첩장이 도착했습니다. 많은 참석 부탁드립니다. http://short.kr/887ehw67,스미싱,경조사
201,[Web발신] 청첩장이 도착했습니다. 많은 참석 부탁드립니다. http://url.kr/av6wy7,스미싱,경조사
202,[Web발신] 건강보험료 미납 확인 바랍니다. 추가 정보 확인 http://t.ly/wmunb5,스미싱,건강보험
203,[Web발신] 과태료 미납 내역 발생. 자세한 정보 확인 바랍니다. http://naver.me/ohhjeu,스미싱,범칙금
204,[Web발신] 등기 도착 안내드립니다. 수령자 확인 필요 http://short.kr/klne5tie,스미싱,택배
205,[Web발신] 과태료 미납 내역 발생. 자세한 정보 확인 바랍니다. http://url.kr/fszu74a,스미싱,범칙금
206,[Web발신] 과태료 미납 내역 발생. 자세한 정보 확인 바랍니다. http://t.ly/1ermjwg,스미싱,범칙금
207,[Web발신] [교통위반] 범칙금 고지서 발송 완료. 확인 필수 http://me2.do/osaepw8,스미싱,범칙금
208,[Web발신] 모바일 인증번호가 도착했습니다. 링크 접속 필요 http://tinyurl.com/g7dmvwo,스미싱,기타
209,[Web발신] 등기 도착 안내드립니다. 수령자 확인 필요 http://ddns.net/onjf3,스미싱,택배
210,[Web발신] 고객님 택배 배송이 지연 중입니다. 확인 바랍니다. http://me2.do/kwl70p6pta,스미싱,택배
211,[Web발신] 모바일 돌잔치 초대장을 보내드립니다. 확인해주세요. http://t.ly/w15tvgqu,스미싱,경조사
212,[Web발신] 새해 선물 발송 안내드립니다. 주소 확인 바랍니다. http://tinyurl.com/52qu9d0,스미싱,명절
213,[Web발신] 청첩장이 도착했습니다. 많은 참석 부탁드립니다. http://naver.me/2dqtc2iy7h,스미싱,경조사
214,[Web발신] 모바일 돌잔치 초대장을 보내드립니다. 확인해주세요. http://ddns.net/gfckn1usy5,스미싱,경조사
215,[Web발신] 물품 도착했으나 주소 오류로 반송되었습니다. 재확인 부탁드립니다. http://tinyurl.com/84r7i,스미싱,택배
216,[Web발신] [국민건강보험] 환급금 신청 확인 후 입금 예정입니다. http://bit.ly/6ayzmlu7fn,스미싱,건강보험
217,[Web발신] 과태료 미납 내역 발생. 자세한 정보 확인 바랍니다. http://t.ly/hkgtpil37,스미싱,범칙금
218,[Web발신] 건강보험료 미납 확인 바랍니다. 추가 정보 확인 http://short.kr/fiaral,스미싱,건강보험
219,[Web발신] 고객님 택배 배송이 지연 중입니다. 확인 바랍니다. http://ddns.net/q2vhlo9h,스미싱,택배
220,[Web발신] 새해 선물 발송 안내드립니다. 주소 확인 바랍니다. http://bit.ly/fg45q,스미싱,명절
221,[Web발신] [국민건강보험] 환급금 신청 확인 후 입금 예정입니다. http://t.ly/e3vx850o,스미싱,건강보험
222,[Web발신] 모바일 돌잔치 초대장을 보내드립니다. 확인해주세요. http://orl.kr/fh1bite73u,스미싱,경조사
223,[Web발신] 등기 도착 안내드립니다. 수령자 확인 필요 http://naver.me/nwxs8a,스미싱,택배
224,[Web발신] 등기 도착 안내드립니다. 수령자 확인 필요 http://naver.me/e30ve,스미싱,택배
225,[Web발신] 추석 선물 쿠폰이 도착했습니다. 지금 확인하세요! http://orl.kr/bz5prq18x,스미싱,명절
226,[Web발신] 고객님 택배 배송이 지연 중입니다. 확인 바랍니다. http://short.kr/njvyro,스미싱,택배
227,[Web발신] 과태료 미납 내역 발생. 자세한 정보 확인 바랍니다. http://me2.do/lzb1o0ts9,스미싱,범칙금
228,[Web발신] 건강보험료 미납 확인 바랍니다. 추가 정보 확인 http://bit.ly/t7mujpq,스미싱,건강보험
229,[Web발신] 새해 선물 발송 안내드립니다. 주소 확인 바랍니다. http://tinyurl.com/6anta,스미싱,명절
230,[Web발신] 과태료 미납 내역 발생. 자세한 정보 확인 바랍니다. http://me2.do/ep2yj,스미싱,범칙금
231,[Web발신] 과태료 미납 내역 발생. 자세한 정보 확인 바랍니다. http://ddns.net/c07br4yc5,스미싱,범칙금
232,[Web발신] 청첩장이 도착했습니다. 많은 참석 부탁드립니다. http://me2.do/x1aphy2qc9,스미싱,경조사
233,[Web발신] 모바일 인증번호가 도착했습니다. 링크 접속 필요 http://me2.do/hy6viseuop,스미싱,기타
234,[Web발신] 과태료 미납 내역 발생. 자세한 정보 확인 바랍니다. http://url.kr/puq0qcup,스미싱,범칙금
235,[Web발신] 등기 도착 안내드립니다. 수령자 확인 필요 http://short.kr/i53jsb2,스미싱,택배
236,[Web발신] 물품 도착했으나 주소 오류로 반송되었습니다. 재확인 부탁드립니다. http://t.ly/d3k7846b,스미싱,택배
237,[Web발신] 과태료 미납 내역 발생. 자세한 정보 확인 바랍니다. http://short.kr/9pvwg,스미싱,범칙금
238,[Web발신] 건강보험료 미납 확인 바랍니다. 추가 정보 확인 http://orl.kr/3to4kgv,스미싱,건강보험
239,[Web발신] 고객님 택배 배송이 지연 중입니다. 확인 바랍니다. http://url.kr/o6yfk,스미싱,택배
240,[Web발신] 고객님 택배 배송이 지연 중입니다. 확인 바랍니다. http://bit.ly/20w55bi,스미싱,택배
241,[Web발신] [국민건강보험] 환급금 신청 확인 후 입금 예정입니다. http://url.kr/s4et77e7xv,스미싱,건강보험
242,[Web발신] [교통위반] 범칙금 고지서 발송 완료. 확인 필수 http://naver.me/xfj45vu,스미싱,범칙금
243,[Web발신] [교통위반] 범칙금 고지서 발송 완료. 확인 필수 http://ddns.net/z6kx7ev,스미싱,범칙금
244,[Web발신] 모바일 돌잔치 초대장을 보내드립니다. 확인해주세요. http://ddns.net/8yi341a,스미싱,경조사
245,[Web발신] [교통위반] 범칙금 고지서 발송 완료. 확인 필수 http://bit.ly/5j2xq,스미싱,범칙금
246,[Web발신] 과태료 미납 내역 발생. 자세한 정보 확인 바랍니다. http://url.kr/9xlvzxs,스미싱,범칙금
247,[Web발신] 모바일 인증번호가 도착했습니다. 링크 접속 필요 http://orl.kr/kyrbfy4r1j,스미싱,기타
248,[Web발신] 청첩장이 도착했습니다. 많은 참석 부탁드립니다. http://naver.me/meq4nd4,스미싱,경조사
249,[Web발신] [국민건강보험] 환급금 신청 확인 후 입금 예정입니다. http://url.kr/13hqmykwh,스미싱,건강보험
250,[Web발신] 건강보험료 미납 확인 바랍니다. 추가 정보 확인 http://short.kr/nf64til,스미싱,건강보험
251,[Web발신] 새해 선물 발송 안내드립니다. 주소 확인 바랍니다. http://me2.do/0eeixk96x,스미싱,명절
252,[Web발신] 추석 선물 쿠폰이 도착했습니다. 지금 확인하세요! http://orl.kr/ylncbv,스미싱,명절
253,[Web발신] [국민건강보험] 환급금 신청 확인 후 입금 예정입니다. http://ddns.net/gccqz,스미싱,건강보험
254,[Web발신] 청첩장이 도착했습니다. 많은 참석 부탁드립니다. http://tinyurl.com/cmuyo,스미싱,경조사
255,[Web발신] 과태료 미납 내역 발생. 자세한 정보 확인 바랍니다. http://tinyurl.com/rb9a5,스미싱,범칙금
256,[Web발신] 물품 도착했으나 주소 오류로 반송되었습니다. 재확인 부탁드립니다. http://url.kr/0i047fa87p,스미싱,택배
257,[Web발신] 건강보험료 미납 확인 바랍니다. 추가 정보 확인 http://bit.ly/6woem,스미싱,건강보험
258,[Web발신] 고객님 택배 배송이 지연 중입니다. 확인 바랍니다. http://bit.ly/ec48er,스미싱,택배
259,[Web발신] [국민건강보험] 환급금 신청 확인 후 입금 예정입니다. http://bit.ly/a8ncf,스미싱,건강보험
260,[Web발신] 추석 선물 쿠폰이 도착했습니다. 지금 확인하세요! http://naver.me/ammumm,스미싱,명절
261,[Web발신] 등기 도착 안내드립니다. 수령자 확인 필요 http://bit.ly/6cf0y,스미싱,택배
262,[Web발신] 고객님 택배 배송이 지연 중입니다. 확인 바랍니다. http://naver.me/2lnguvn,스미싱,택배
263,[Web발신] [국민건강보험] 환급금 신청 확인 후 입금 예정입니다. http://orl.kr/7uyipes,스미싱,건강보험
264,[Web발신] 새해 선물 발송 안내드립니다. 주소 확인 바랍니다. http://naver.me/ogr7fzu8,스미싱,명절
265,[Web발신] 등기 도착 안내드립니다. 수령자 확인 필요 http://short.kr/xvu3fgs3c,스미싱,택배
266,[Web발신] 등기 도착 안내드립니다. 수령자 확인 필요 http://ddns.net/omceg0qv,스미싱,택배
267,[Web발신] 모바일 인증번호가 도착했습니다. 링크 접속 필요 http://orl.kr/ld1f1eif,스미싱,기타
268,[Web발신] 과태료 미납 내역 발생. 자세한 정보 확인 바랍니다. http://ddns.net/nvq3lzy1bv,스미싱,범칙금
269,[Web발신] 건강보험료 미납 확인 바랍니다. 추가 정보 확인 http://tinyurl.com/ywlch537e,스미싱,건강보험
270,[Web발신] 건강보험료 미납 확인 바랍니다. 추가 정보 확인 http://me2.do/ueifs4,스미싱,건강보험
271,[Web발신] 고객님 휴대폰 요금 미납 내역 발생. 확인 요망 http://url.kr/6altpvm3x,스미싱,기타
272,[Web발신] [국민건강보험] 환급금 신청 확인 후 입금 예정입니다. http://url.kr/cmfnih,스미싱,건강보험
273,[Web발신] 청첩장이 도착했습니다. 많은 참석 부탁드립니다. http://tinyurl.com/dwl5k,스미싱,경조사
274,[Web발신] [교통위반] 범칙금 고지서 발송 완료. 확인 필수 http://t.ly/bok5td3c,스미싱,범칙금
275,[Web발신] [국민건강보험] 환급금 신청 확인 후 입금 예정입니다. http://short.kr/fyylpgj,스미싱,건강보험
276,[Web발신] 모바일 돌잔치 초대장을 보내드립니다. 확인해주세요. http://me2.do/pe1mwch,스미싱,경조사
277,[Web발신] 고객님 휴대폰 요금 미납 내역 발생. 확인 요망 http://tinyurl.com/h0ye3,스미싱,기타
278,[Web발신] 새해 선물 발송 안내드립니다. 주소 확인 바랍니다. http://ddns.net/0dbh63682k,스미싱,명절
279,[Web발신] 새해 선물 발송 안내드립니다. 주소 확인 바랍니다. http://tinyurl.com/2of9v,스미싱,명절
280,[Web발신] 새해 선물 발송 안내드립니다. 주소 확인 바랍니다. http://bit.ly/1lwnj9l770,스미싱,명절
281,[Web발신] 모바일 돌잔치 초대장을 보내드립니다. 확인해주세요. http://short.kr/cdyb1gp9l6,스미싱,경조사
282,[Web발신] [국민건강보험] 환급금 신청 확인 후 입금 예정입니다. http://ddns.net/rrgg0,스미싱,건강보험
283,[Web발신] 건강보험료 미납 확인 바랍니다. 추가 정보 확인 http://me2.do/r1q01s1b9k,스미싱,건강보험
284,[Web발신] 고객님 택배 배송이 지연 중입니다. 확인 바랍니다. http://ddns.net/tqw92,스미싱,택배
285,[Web발신] 고객님 휴대폰 요금 미납 내역 발생. 확인 요망 http://ddns.net/yp2o4jj,스미싱,기타
286,[Web발신] [교통위반] 범칙금 고지서 발송 완료. 확인 필수 http://ddns.net/zyg0pyo,스미싱,범칙금
287,[Web발신] 과태료 미납 내역 발생. 자세한 정보 확인 바랍니다. http://url.kr/10ymia36lm,스미싱,범칙금
288,[Web발신] [국민건강보험] 환급금 신청 확인 후 입금 예정입니다. http://ddns.net/3opqbv9,스미싱,건강보험
289,[Web발신] [국민건강보험] 환급금 신청 확인 후 입금 예정입니다. http://naver.me/jz7sakcy,스미싱,건강보험
290,[Web발신] [국민건강보험] 환급금 신청 확인 후 입금 예정입니다. http://ddns.net/v7e0c,스미싱,건강보험
291,[Web발신] 고객님 휴대폰 요금 미납 내역 발생. 확인 요망 http://bit.ly/s2rsik878,스미싱,기타
292,[Web발신] 물품 도착했으나 주소 오류로 반송되었습니다. 재확인 부탁드립니다. http://naver.me/b5bfwa,스미싱,택배
293,[Web발신] 추석 선물 쿠폰이 도착했습니다. 지금 확인하세요! http://naver.me/4dw33oy,스미싱,명절
294,[Web발신] 물품 도착했으나 주소 오류로 반송되었습니다. 재확인 부탁드립니다. http://me2.do/y71l7ye77m,스미싱,택배
295,[Web발신] 과태료 미납 내역 발생. 자세한 정보 확인 바랍니다. http://url.kr/0aep5,스미싱,범칙금
296,[Web발신] 과태료 미납 내역 발생. 자세한 정보 확인 바랍니다. http://bit.ly/favg8dm,스미싱,범칙금
297,[Web발신] 청첩장이 도착했습니다. 많은 참석 부탁드립니다. http://me2.do/p4jdo057,스미싱,경조사
298,[Web발신] 물품 도착했으나 주소 오류로 반송되었습니다. 재확인 부탁드립니다. http://tinyurl.com/plhl0,스미싱,택배
299,[Web발신] [국민건강보험] 환급금 신청 확인 후 입금 예정입니다. http://bit.ly/vyoep4yh,스미싱,건강보험
300,[Web발신] 새해 선물 발송 안내드립니다. 주소 확인 바랍니다. http://t.ly/p8nkh2oa,스미싱,명절
301,[Web발신] 추석 선물 쿠폰이 도착했습니다. 지금 확인하세요! http://orl.kr/7wjvpkd5,스미싱,명절
302,[Web발신] 고객님 택배 배송이 지연 중입니다. 확인 바랍니다. http://me2.do/2ojzeke1h,스미싱,택배
303,[Web발신] 건강보험료 미납 확인 바랍니다. 추가 정보 확인 http://orl.kr/73irtgb,스미싱,건강보험
304,[Web발신] 청첩장이 도착했습니다. 많은 참석 부탁드립니다. http://tinyurl.com/eww3v,스미싱,경조사
305,[Web발신] 과태료 미납 내역 발생. 자세한 정보 확인 바랍니다. http://naver.me/gv6glq,스미싱,범칙금
306,[Web발신] [교통위반] 범칙금 고지서 발송 완료. 확인 필수 http://ddns.net/gwmhyyc,스미싱,범칙금
307,[Web발신] 새해 선물 발송 안내드립니다. 주소 확인 바랍니다. http://short.kr/ksplj8,스미싱,명절
308,[Web발신] 과태료 미납 내역 발생. 자세한 정보 확인 바랍니다. http://url.kr/y6xpw0o17b,스미싱,범칙금
309,[Web발신] 고객님 택배 배송이 지연 중입니다. 확인 바랍니다. http://orl.kr/l4ma6vt,스미싱,택배
310,[Web발신] 추석 선물 쿠폰이 도착했습니다. 지금 확인하세요! http://me2.do/v3kja57go,스미싱,명절
311,[Web발신] [국민건강보험] 환급금 신청 확인 후 입금 예정입니다. http://short.kr/x3r8f5sb8,스미싱,건강보험
312,[Web발신] [교통위반] 범칙금 고지서 발송 완료. 확인 필수 http://short.kr/w1ru0,스미싱,범칙금
313,[Web발신] 고객님 택배 배송이 지연 중입니다. 확인 바랍니다. http://url.kr/ju7bppnso,스미싱,택배
314,[Web발신] 추석 선물 쿠폰이 도착했습니다. 지금 확인하세요! http://t.ly/jd1zg,스미싱,명절
315,[Web발신] 물품 도착했으나 주소 오류로 반송되었습니다. 재확인 부탁드립니다. http://tinyurl.com/w09nqznfyr,스미싱,택배
316,[Web발신] 물품 도착했으나 주소 오류로 반송되었습니다. 재확인 부탁드립니다. http://t.ly/jya5g,스미싱,택배
317,[Web발신] 건강보험료 미납 확인 바랍니다. 추가 정보 확인 http://orl.kr/0bglv,스미싱,건강보험
318,[Web발신] 물품 도착했으나 주소 오류로 반송되었습니다. 재확인 부탁드립니다. http://orl.kr/ujs9qnttjs,스미싱,택배
319,[Web발신] 고객님 택배 배송이 지연 중입니다. 확인 바랍니다. http://ddns.net/q97g3emu42,스미싱,택배
320,[Web발신] 등기 도착 안내드립니다. 수령자 확인 필요 http://naver.me/u6jfykx3g,스미싱,택배
321,[Web발신] 등기 도착 안내드립니다. 수령자 확인 필요 http://me2.do/75tmea,스미싱,택배
322,[Web발신] 추석 선물 쿠폰이 도착했습니다. 지금 확인하세요! http://tinyurl.com/owiepwvb,스미싱,명절
323,[Web발신] 모바일 돌잔치 초대장을 보내드립니다. 확인해주세요. http://orl.kr/uy8ksbcplp,스미싱,경조사
324,[Web발신] 청첩장이 도착했습니다. 많은 참석 부탁드립니다. http://t.ly/5n63193mlw,스미싱,경조사
325,[Web발신] 등기 도착 안내드립니다. 수령자 확인 필요 http://ddns.net/9hjqvg,스미싱,택배
326,[Web발신] 모바일 돌잔치 초대장을 보내드립니다. 확인해주세요. http://short.kr/3eruaf9p89,스미싱,경조사
327,[Web발신] 새해 선물 발송 안내드립니다. 주소 확인 바랍니다. http://t.ly/jwbtuvqmtg,스미싱,명절
328,[Web발신] 추석 선물 쿠폰이 도착했습니다. 지금 확인하세요! http://orl.kr/posvtjjl,스미싱,명절
329,[Web발신] 청첩장이 도착했습니다. 많은 참석 부탁드립니다. http://me2.do/v5lb2hey7k,스미싱,경조사
330,[Web발신] [국민건강보험] 환급금 신청 확인 후 입금 예정입니다. http://me2.do/03b1a,스미싱,건강보험
331,[Web발신] 건강보험료 미납 확인 바랍니다. 추가 정보 확인 http://ddns.net/u0zfz,스미싱,건강보험
332,[Web발신] 청첩장이 도착했습니다. 많은 참석 부탁드립니다. http://short.kr/bvbvg3nf,스미싱,경조사
333,[Web발신] 모바일 돌잔치 초대장을 보내드립니다. 확인해주세요. http://ddns.net/15ycdrg6,스미싱,경조사
334,[Web발신] 과태료 미납 내역 발생. 자세한 정보 확인 바랍니다. http://naver.me/3iuseoeyhp,스미싱,범칙금
335,[Web발신] 모바일 돌잔치 초대장을 보내드립니다. 확인해주세요. http://naver.me/vwegh,스미싱,경조사
336,[Web발신] 건강보험료 미납 확인 바랍니다. 추가 정보 확인 http://tinyurl.com/4864g67,스미싱,건강보험
337,[Web발신] 등기 도착 안내드립니다. 수령자 확인 필요 http://orl.kr/2ozvowmog3,스미싱,택배
338,[Web발신] 과태료 미납 내역 발생. 자세한 정보 확인 바랍니다. http://short.kr/cdi89ah,스미싱,범칙금
339,[Web발신] 새해 선물 발송 안내드립니다. 주소 확인 바랍니다. http://t.ly/r6zpxg,스미싱,명절
340,[Web발신] 모바일 돌잔치 초대장을 보내드립니다. 확인해주세요. http://naver.me/zm9ts1b,스미싱,경조사
341,[Web발신] 모바일 인증번호가 도착했습니다. 링크 접속 필요 http://naver.me/oqv4t205,스미싱,기타
342,[Web발신] 과태료 미납 내역 발생. 자세한 정보 확인 바랍니다. http://url.kr/ujgkt,스미싱,범칙금
343,[Web발신] 과태료 미납 내역 발생. 자세한 정보 확인 바랍니다. http://ddns.net/u2evf,스미싱,범칙금
344,[Web발신] 과태료 미납 내역 발생. 자세한 정보 확인 바랍니다. http://url.kr/eak3x258x4,스미싱,범칙금
345,[Web발신] 모바일 인증번호가 도착했습니다. 링크 접속 필요 http://bit.ly/7m1xwb4zw,스미싱,기타
346,[Web발신] 새해 선물 발송 안내드립니다. 주소 확인 바랍니다. http://t.ly/9iqxiash,스미싱,명절
347,[Web발신] 추석 선물 쿠폰이 도착했습니다. 지금 확인하세요! http://naver.me/b0hkc2a,스미싱,명절
348,[Web발신] 고객님 택배 배송이 지연 중입니다. 확인 바랍니다. http://naver.me/ilw00f,스미싱,택배
349,[Web발신] 건강보험료 미납 확인 바랍니다. 추가 정보 확인 http://me2.do/hb1t09te0m,스미싱,건강보험
350,[Web발신] [국민건강보험] 환급금 신청 확인 후 입금 예정입니다. http://me2.do/m67l8,스미싱,건강보험
351,[Web발신] 새해 선물 발송 안내드립니다. 주소 확인 바랍니다. http://me2.do/7jz8k,스미싱,명절
352,[Web발신] 과태료 미납 내역 발생. 자세한 정보 확인 바랍니다. http://orl.kr/9xsphd,스미싱,범칙금
353,[Web발신] 새해 선물 발송 안내드립니다. 주소 확인 바랍니다. http://url.kr/8edjekkbd,스미싱,명절
354,[Web발신] 고객님 택배 배송이 지연 중입니다. 확인 바랍니다. http://me2.do/oxys438p,스미싱,택배
355,[Web발신] 모바일 인증번호가 도착했습니다. 링크 접속 필요 http://orl.kr/odliov,스미싱,기타
356,[Web발신] 건강보험료 미납 확인 바랍니다. 추가 정보 확인 http://short.kr/pwxhs,스미싱,건강보험
357,[Web발신] 새해 선물 발송 안내드립니다. 주소 확인 바랍니다. http://me2.do/5s1xeiqdd,스미싱,명절
358,[Web발신] 새해 선물 발송 안내드립니다. 주소 확인 바랍니다. http://bit.ly/18tf8n3bfc,스미싱,명절
359,[Web발신] 추석 선물 쿠폰이 도착했습니다. 지금 확인하세요! http://ddns.net/wfq8x7i4c,스미싱,명절
360,[Web발신] 청첩장이 도착했습니다. 많은 참석 부탁드립니다. http://ddns.net/x14af,스미싱,경조사
361,[Web발신] [교통위반] 범칙금 고지서 발송 완료. 확인 필수 http://short.kr/gpmq8xhbnn,스미싱,범칙금
362,[Web발신] 고객님 휴대폰 요금 미납 내역 발생. 확인 요망 http://short.kr/ykgakcg,스미싱,기타
363,[Web발신] 추석 선물 쿠폰이 도착했습니다. 지금 확인하세요! http://orl.kr/kyigq9vi9x,스미싱,명절
364,[Web발신] 추석 선물 쿠폰이 도착했습니다. 지금 확인하세요! http://tinyurl.com/hmrh0sn,스미싱,명절
365,[Web발신] 모바일 인증번호가 도착했습니다. 링크 접속 필요 http://me2.do/x37d1l,스미싱,기타
366,[Web발신] 추석 선물 쿠폰이 도착했습니다. 지금 확인하세요! http://tinyurl.com/852fjsx,스미싱,명절
367,[Web발신] 모바일 돌잔치 초대장을 보내드립니다. 확인해주세요. http://short.kr/hqh5y,스미싱,경조사
368,[Web발신] 모바일 인증번호가 도착했습니다. 링크 접속 필요 http://url.kr/2k8ic,스미싱,기타
369,[Web발신] 고객님 택배 배송이 지연 중입니다. 확인 바랍니다. http://short.kr/r16st5mlpd,스미싱,택배
370,[Web발신] 고객님 휴대폰 요금 미납 내역 발생. 확인 요망 http://naver.me/8pxlkw3o,스미싱,기타
371,[Web발신] 건강보험료 미납 확인 바랍니다. 추가 정보 확인 http://short.kr/x0hwly3h,스미싱,건강보험
372,[Web발신] 추석 선물 쿠폰이 도착했습니다. 지금 확인하세요! http://short.kr/pxhv3,스미싱,명절
373,[Web발신] 모바일 인증번호가 도착했습니다. 링크 접속 필요 http://url.kr/a15fui,스미싱,기타
374,[Web발신] 모바일 인증번호가 도착했습니다. 링크 접속 필요 http://orl.kr/pks1m63r,스미싱,기타
375,[Web발신] 추석 선물 쿠폰이 도착했습니다. 지금 확인하세요! http://orl.kr/kwwkh40t,스미싱,명절
376,[Web발신] 등기 도착 안내드립니다. 수령자 확인 필요 http://short.kr/vnf962qxh,스미싱,택배
377,[Web발신] 등기 도착 안내드립니다. 수령자 확인 필요 http://tinyurl.com/zjrfa,스미싱,택배
378,[Web발신] 과태료 미납 내역 발생. 자세한 정보 확인 바랍니다. http://ddns.net/oajx8j47,스미싱,범칙금
379,[Web발신] 모바일 돌잔치 초대장을 보내드립니다. 확인해주세요. http://bit.ly/g5nke7,스미싱,경조사
380,[Web발신] 물품 도착했으나 주소 오류로 반송되었습니다. 재확인 부탁드립니다. http://t.ly/uy2awv0u,스미싱,택배
381,[Web발신] 추석 선물 쿠폰이 도착했습니다. 지금 확인하세요! http://me2.do/x8ph4,스미싱,명절
382,[Web발신] 추석 선물 쿠폰이 도착했습니다. 지금 확인하세요! http://ddns.net/7jahe4b,스미싱,명절
383,[Web발신] 건강보험료 미납 확인 바랍니다. 추가 정보 확인 http://url.kr/ngexf41as,스미싱,건강보험
384,[Web발신] 건강보험료 미납 확인 바랍니다. 추가 정보 확인 http://tinyurl.com/haslvvg5y,스미싱,건강보험
385,[Web발신] 물품 도착했으나 주소 오류로 반송되었습니다. 재확인 부탁드립니다. http://short.kr/j3ohmo5j7j,스미싱,택배
386,[Web발신] 새해 선물 발송 안내드립니다. 주소 확인 바랍니다. http://url.kr/h34ig2vti,스미싱,명절
387,[Web발신] 고객님 택배 배송이 지연 중입니다. 확인 바랍니다. http://ddns.net/6ncrsk,스미싱,택배
388,[Web발신] 고객님 택배 배송이 지연 중입니다. 확인 바랍니다. http://ddns.net/w0inb,스미싱,택배
389,[Web발신] [교통위반] 범칙금 고지서 발송 완료. 확인 필수 http://tinyurl.com/6xbq37,스미싱,범칙금
390,[Web발신] 건강보험료 미납 확인 바랍니다. 추가 정보 확인 http://short.kr/wbnzhj0r,스미싱,건강보험
391,[Web발신] 청첩장이 도착했습니다. 많은 참석 부탁드립니다. http://me2.do/ndh5g,스미싱,경조사
392,[Web발신] 청첩장이 도착했습니다. 많은 참석 부탁드립니다. http://tinyurl.com/9mn0pg,스미싱,경조사
393,[Web발신] [국민건강보험] 환급금 신청 확인 후 입금 예정입니다. http://short.kr/s13eke,스미싱,건강보험
394,[Web발신] 물품 도착했으나 주소 오류로 반송되었습니다. 재확인 부탁드립니다. http://short.kr/l2hboc0vn,스미싱,택배
395,[Web발신] 고객님 휴대폰 요금 미납 내역 발생. 확인 요망 http://me2.do/skb1v,스미싱,기타
396,[Web발신] 건강보험료 미납 확인 바랍니다. 추가 정보 확인 http://naver.me/y4l5u9hsk1,스미싱,건강보험
397,[Web발신] 등기 도착 안내드립니다. 수령자 확인 필요 http://tinyurl.com/lz7i9lli,스미싱,택배
398,[Web발신] 모바일 돌잔치 초대장을 보내드립니다. 확인해주세요. http://url.kr/60h4nje,스미싱,경조사
399,[Web발신] 모바일 인증번호가 도착했습니다. 링크 접속 필요 http://me2.do/ata4ij,스미싱,기타
400,[Web발신] 고객님 휴대폰 요금 미납 내역 발생. 확인 요망 http://t.ly/s20qa,스미싱,기타
401,[Web발신] 청첩장이 도착했습니다. 많은 참석 부탁드립니다. http://me2.do/q9dptj4t,스미싱,경조사
402,[Web발신] 고객님 택배 배송이 지연 중입니다. 확인 바랍니다. http://t.ly/8xkfgc,스미싱,택배
403,[Web발신] 과태료 미납 내역 발생. 자세한 정보 확인 바랍니다. http://ddns.net/pdc9z7p,스미싱,범칙금
404,[Web발신] 물품 도착했으나 주소 오류로 반송되었습니다. 재확인 부탁드립니다. http://tinyurl.com/6c6p6vrwcd,스미싱,택배
405,[Web발신] 모바일 인증번호가 도착했습니다. 링크 접속 필요 http://naver.me/x4mv92,스미싱,기타
406,[Web발신] [국민건강보험] 환급금 신청 확인 후 입금 예정입니다. http://url.kr/j4oyhvmp49,스미싱,건강보험
407,[Web발신] 건강보험료 미납 확인 바랍니다. 추가 정보 확인 http://naver.me/zq20js,스미싱,건강보험
408,[Web발신] 건강보험료 미납 확인 바랍니다. 추가 정보 확인 http://me2.do/4xwqqhy9,스미싱,건강보험
409,[Web발신] [교통위반] 범칙금 고지서 발송 완료. 확인 필수 http://naver.me/8v3ios50j,스미싱,범칙금
410,[Web발신] 새해 선물 발송 안내드립니다. 주소 확인 바랍니다. http://bit.ly/1mt74oc,스미싱,명절
411,[Web발신] 고객님 택배 배송이 지연 중입니다. 확인 바랍니다. http://naver.me/udmmzfj,스미싱,택배
412,[Web발신] 고객님 택배 배송이 지연 중입니다. 확인 바랍니다. http://short.kr/tpnnjrxos2,스미싱,택배
413,[Web발신] 건강보험료 미납 확인 바랍니다. 추가 정보 확인 http://me2.do/m8007b08q,스미싱,건강보험
414,[Web발신] 새해 선물 발송 안내드립니다. 주소 확인 바랍니다. http://url.kr/c7kjfilr,스미싱,명절
415,[Web발신] 건강보험료 미납 확인 바랍니다. 추가 정보 확인 http://me2.do/4ylpvc,스미싱,건강보험
416,[Web발신] 새해 선물 발송 안내드립니다. 주소 확인 바랍니다. http://naver.me/lfkbmupr,스미싱,명절
417,[Web발신] 새해 선물 발송 안내드립니다. 주소 확인 바랍니다. http://me2.do/1a4hp,스미싱,명절
418,[Web발신] [교통위반] 범칙금 고지서 발송 완료. 확인 필수 http://t.ly/6jwfiv9,스미싱,범칙금
419,[Web발신] 물품 도착했으나 주소 오류로 반송되었습니다. 재확인 부탁드립니다. http://bit.ly/6h9sb8qq5,스미싱,택배
420,[Web발신] 청첩장이 도착했습니다. 많은 참석 부탁드립니다. http://t.ly/w4r5kz0j0l,스미싱,경조사
421,[Web발신] [국민건강보험] 환급금 신청 확인 후 입금 예정입니다. http://short.kr/f2lnrbshr,스미싱,건강보험
422,[Web발신] 청첩장이 도착했습니다. 많은 참석 부탁드립니다. http://ddns.net/mlowj,스미싱,경조사
423,[Web발신] 건강보험료 미납 확인 바랍니다. 추가 정보 확인 http://tinyurl.com/98e2erqufc,스미싱,건강보험
424,[Web발신] 모바일 돌잔치 초대장을 보내드립니다. 확인해주세요. http://orl.kr/h5nx9k,스미싱,경조사
425,[Web발신] 청첩장이 도착했습니다. 많은 참석 부탁드립니다. http://short.kr/sesm6pk,스미싱,경조사
426,[Web발신] [국민건강보험] 환급금 신청 확인 후 입금 예정입니다. http://url.kr/pkmmi,스미싱,건강보험
427,[Web발신] 모바일 돌잔치 초대장을 보내드립니다. 확인해주세요. http://tinyurl.com/4d1o5n6xz,스미싱,경조사
428,[Web발신] 과태료 미납 내역 발생. 자세한 정보 확인 바랍니다. http://short.kr/33oy001bv4,스미싱,범칙금
429,[Web발신] 모바일 돌잔치 초대장을 보내드립니다. 확인해주세요. http://url.kr/x1zxx,스미싱,경조사
430,[Web발신] 고객님 휴대폰 요금 미납 내역 발생. 확인 요망 http://me2.do/fvzklmy,스미싱,기타
431,[Web발신] 모바일 인증번호가 도착했습니다. 링크 접속 필요 http://naver.me/crcocdv,스미싱,기타
432,[Web발신] 모바일 돌잔치 초대장을 보내드립니다. 확인해주세요. http://bit.ly/7xqjvvzwvu,스미싱,경조사
433,[Web발신] 추석 선물 쿠폰이 도착했습니다. 지금 확인하세요! http://orl.kr/1vznnz5xoc,스미싱,명절
434,[Web발신] 등기 도착 안내드립니다. 수령자 확인 필요 http://ddns.net/hv0d1kzw21,스미싱,택배
435,[Web발신] 건강보험료 미납 확인 바랍니다. 추가 정보 확인 http://bit.ly/9aevqq,스미싱,건강보험
436,[Web발신] 등기 도착 안내드립니다. 수령자 확인 필요 http://ddns.net/dyrpjg,스미싱,택배
437,[Web발신] 추석 선물 쿠폰이 도착했습니다. 지금 확인하세요! http://url.kr/n8lbdhbpgd,스미싱,명절
438,[Web발신] 고객님 휴대폰 요금 미납 내역 발생. 확인 요망 http://tinyurl.com/52o1pqqed,스미싱,기타
439,[Web발신] 고객님 휴대폰 요금 미납 내역 발생. 확인 요망 http://short.kr/7vx0cp,스미싱,기타
440,[Web발신] 새해 선물 발송 안내드립니다. 주소 확인 바랍니다. http://bit.ly/e57oelk,스미싱,명절
441,[Web발신] 추석 선물 쿠폰이 도착했습니다. 지금 확인하세요! http://tinyurl.com/8c09l,스미싱,명절
442,[Web발신] 등기 도착 안내드립니다. 수령자 확인 필요 http://short.kr/25mr9chhzm,스미싱,택배
443,[Web발신] 청첩장이 도착했습니다. 많은 참석 부탁드립니다. http://short.kr/kl0wvsl,스미싱,경조사
444,[Web발신] 추석 선물 쿠폰이 도착했습니다. 지금 확인하세요! http://me2.do/ut9o7,스미싱,명절
445,[Web발신] 건강보험료 미납 확인 바랍니다. 추가 정보 확인 http://orl.kr/fc7qpat,스미싱,건강보험
446,[Web발신] 모바일 인증번호가 도착했습니다. 링크 접속 필요 http://orl.kr/fmqm5snt,스미싱,기타
447,[Web발신] 과태료 미납 내역 발생. 자세한 정보 확인 바랍니다. http://short.kr/utoyb,스미싱,범칙금
448,[Web발신] 물품 도착했으나 주소 오류로 반송되었습니다. 재확인 부탁드립니다. http://ddns.net/ddjhbniu,스미싱,택배
449,[Web발신] 고객님 택배 배송이 지연 중입니다. 확인 바랍니다. http://short.kr/3kymg7,스미싱,택배
450,[Web발신] 새해 선물 발송 안내드립니다. 주소 확인 바랍니다. http://me2.do/9mvl9y1a4,스미싱,명절
451,[Web발신] [교통위반] 범칙금 고지서 발송 완료. 확인 필수 http://ddns.net/bw7nuynp1,스미싱,범칙금
452,[Web발신] 새해 선물 발송 안내드립니다. 주소 확인 바랍니다. http://t.ly/3af0n3j4,스미싱,명절
453,[Web발신] 과태료 미납 내역 발생. 자세한 정보 확인 바랍니다. http://tinyurl.com/a4fdqht2mz,스미싱,범칙금
454,[Web발신] 추석 선물 쿠폰이 도착했습니다. 지금 확인하세요! http://me2.do/dlmsm,스미싱,명절
455,[Web발신] 고객님 휴대폰 요금 미납 내역 발생. 확인 요망 http://me2.do/pmrahtb7,스미싱,기타
456,[Web발신] 모바일 인증번호가 도착했습니다. 링크 접속 필요 http://orl.kr/o64x18,스미싱,기타
457,[Web발신] [교통위반] 범칙금 고지서 발송 완료. 확인 필수 http://ddns.net/93r6sple,스미싱,범칙금
458,[Web발신] 고객님 택배 배송이 지연 중입니다. 확인 바랍니다. http://ddns.net/bu2r1p3jb,스미싱,택배
459,[Web발신] 건강보험료 미납 확인 바랍니다. 추가 정보 확인 http://bit.ly/fq9bmsq6,스미싱,건강보험
460,[Web발신] 과태료 미납 내역 발생. 자세한 정보 확인 바랍니다. http://bit.ly/qlqu0c26,스미싱,범칙금
461,[Web발신] [교통위반] 범칙금 고지서 발송 완료. 확인 필수 http://bit.ly/hgsqb,스미싱,범칙금
462,[Web발신] 고객님 휴대폰 요금 미납 내역 발생. 확인 요망 http://short.kr/hnok2,스미싱,기타
463,[Web발신] [국민건강보험] 환급금 신청 확인 후 입금 예정입니다. http://t.ly/klq0l,스미싱,건강보험
464,[Web발신] 고객님 휴대폰 요금 미납 내역 발생. 확인 요망 http://naver.me/36wsk3,스미싱,기타
465,[Web발신] 건강보험료 미납 확인 바랍니다. 추가 정보 확인 http://tinyurl.com/229s1crj5,스미싱,건강보험
466,[Web발신] 모바일 인증번호가 도착했습니다. 링크 접속 필요 http://ddns.net/5zj6m,스미싱,기타
467,[Web발신] 추석 선물 쿠폰이 도착했습니다. 지금 확인하세요! http://t.ly/a8ro4,스미싱,명절
468,[Web발신] 고객님 택배 배송이 지연 중입니다. 확인 바랍니다. http://tinyurl.com/83itm7,스미싱,택배
469,[Web발신] [국민건강보험] 환급금 신청 확인 후 입금 예정입니다. http://short.kr/bxp1cug40,스미싱,건강보험
470,[Web발신] 물품 도착했으나 주소 오류로 반송되었습니다. 재확인 부탁드립니다. http://t.ly/lpyfm,스미싱,택배
471,[Web발신] 추석 선물 쿠폰이 도착했습니다. 지금 확인하세요! http://url.kr/v10yfszzl,스미싱,명절
472,[Web발신] [교통위반] 범칙금 고지서 발송 완료. 확인 필수 http://t.ly/kfvwu,스미싱,범칙금
473,[Web발신] 추석 선물 쿠폰이 도착했습니다. 지금 확인하세요! http://url.kr/8mub9,스미싱,명절
474,[Web발신] 물품 도착했으나 주소 오류로 반송되었습니다. 재확인 부탁드립니다. http://tinyurl.com/p53pw,스미싱,택배
475,[Web발신] 과태료 미납 내역 발생. 자세한 정보 확인 바랍니다. http://ddns.net/iohj31,스미싱,범칙금
476,[Web발신] 모바일 돌잔치 초대장을 보내드립니다. 확인해주세요. http://me2.do/b29z1vq,스미싱,경조사
477,[Web발신] 과태료 미납 내역 발생. 자세한 정보 확인 바랍니다. http://tinyurl.com/0kwl6ekgn6,스미싱,범칙금
478,[Web발신] 등기 도착 안내드립니다. 수령자 확인 필요 http://t.ly/7h2syr47,스미싱,택배
479,[Web발신] 모바일 인증번호가 도착했습니다. 링크 접속 필요 http://orl.kr/7youzdb,스미싱,기타
480,[Web발신] 고객님 휴대폰 요금 미납 내역 발생. 확인 요망 http://me2.do/izy4fyg,스미싱,기타
481,[Web발신] [국민건강보험] 환급금 신청 확인 후 입금 예정입니다. http://ddns.net/h3jldd3yq,스미싱,건강보험
482,[Web발신] 과태료 미납 내역 발생. 자세한 정보 확인 바랍니다. http://t.ly/fl2j2l23c,스미싱,범칙금
483,[Web발신] 과태료 미납 내역 발생. 자세한 정보 확인 바랍니다. http://url.kr/x97lmv0tfq,스미싱,범칙금
484,[Web발신] [교통위반] 범칙금 고지서 발송 완료. 확인 필수 http://orl.kr/8oj098nih,스미싱,범칙금
485,[Web발신] 청첩장이 도착했습니다. 많은 참석 부탁드립니다. http://ddns.net/mp6fs,스미싱,경조사
486,[Web발신] 모바일 인증번호가 도착했습니다. 링크 접속 필요 http://ddns.net/6qo0hkoz,스미싱,기타
487,[Web발신] 추석 선물 쿠폰이 도착했습니다. 지금 확인하세요! http://orl.kr/wc7hhmfti,스미싱,명절
488,[Web발신] [교통위반] 범칙금 고지서 발송 완료. 확인 필수 http://bit.ly/g545b9p1,스미싱,범칙금
489,[Web발신] [교통위반] 범칙금 고지서 발송 완료. 확인 필수 http://tinyurl.com/h116rff8fd,스미싱,범칙금
490,[Web발신] [교통위반] 범칙금 고지서 발송 완료. 확인 필수 http://bit.ly/4sh430yaa,스미싱,범칙금
491,[Web발신] 건강보험료 미납 확인 바랍니다. 추가 정보 확인 http://url.kr/ygt2jz,스미싱,건강보험
492,[Web발신] 건강보험료 미납 확인 바랍니다. 추가 정보 확인 http://url.kr/rlmzpadd9x,스미싱,건강보험
493,[Web발신] [교통위반] 범칙금 고지서 발송 완료. 확인 필수 http://bit.ly/mbetsnp,스미싱,범칙금
494,[Web발신] 고객님 택배 배송이 지연 중입니다. 확인 바랍니다. http://bit.ly/yazr7t2,스미싱,택배
495,[Web발신] 등기 도착 안내드립니다. 수령자 확인 필요 http://naver.me/r84k5s1,스미싱,택배
496,[Web발신] 청첩장이 도착했습니다. 많은 참석 부탁드립니다. http://naver.me/v81nrt,스미싱,경조사
497,[Web발신] 고객님 휴대폰 요금 미납 내역 발생. 확인 요망 http://bit.ly/706a2xg5f,스미싱,기타
498,[Web발신] 등기 도착 안내드립니다. 수령자 확인 필요 http://orl.kr/9y0lib,스미싱,택배
499,[Web발신] 모바일 돌잔치 초대장을 보내드립니다. 확인해주세요. http://t.ly/lzqifeyk7,스미싱,경조사
500,[Web발신] [국민건강보험] 환급금 신청 확인 후 입금 예정입니다. http://orl.kr/hirpohly,스미싱,건강보험
501,[Web발신] 추석 선물 쿠폰이 도착했습니다. 지금 확인하세요! http://me2.do/zdafxabz7,스미싱,명절
502,[Web발신] 모바일 돌잔치 초대장을 보내드립니다. 확인해주세요. http://naver.me/qkfe8,스미싱,경조사
503,[Web발신] 고객님 휴대폰 요금 미납 내역 발생. 확인 요망 http://orl.kr/9n1344mr,스미싱,기타
504,[Web발신] [교통위반] 범칙금 고지서 발송 완료. 확인 필수 http://short.kr/vnuve,스미싱,범칙금
505,[Web발신] [교통위반] 범칙금 고지서 발송 완료. 확인 필수 http://t.ly/ewzu3,스미싱,범칙금
506,[Web발신] 추석 선물 쿠폰이 도착했습니다. 지금 확인하세요! http://url.kr/wa1weh37ey,스미싱,명절
507,[Web발신] 물품 도착했으나 주소 오류로 반송되었습니다. 재확인 부탁드립니다. http://orl.kr/xnea3ff,스미싱,택배
508,[Web발신] 모바일 인증번호가 도착했습니다. 링크 접속 필요 http://naver.me/o4lvqg,스미싱,기타
509,[Web발신] [국민건강보험] 환급금 신청 확인 후 입금 예정입니다. http://me2.do/9z8or8axqv,스미싱,건강보험
510,[Web발신] 고객님 휴대폰 요금 미납 내역 발생. 확인 요망 http://tinyurl.com/gnpqfa2,스미싱,기타
511,[Web발신] [교통위반] 범칙금 고지서 발송 완료. 확인 필수 http://ddns.net/5vo4htonzc,스미싱,범칙금
512,[Web발신] 모바일 돌잔치 초대장을 보내드립니다. 확인해주세요. http://orl.kr/nn5zwq44,스미싱,경조사
513,[Web발신] 새해 선물 발송 안내드립니다. 주소 확인 바랍니다. http://ddns.net/a93a8kh1l,스미싱,명절
514,[Web발신] 과태료 미납 내역 발생. 자세한 정보 확인 바랍니다. http://t.ly/cei97hgx,스미싱,범칙금
515,[Web발신] 청첩장이 도착했습니다. 많은 참석 부탁드립니다. http://naver.me/71hs07,스미싱,경조사
516,[Web발신] 물품 도착했으나 주소 오류로 반송되었습니다. 재확인 부탁드립니다. http://orl.kr/6z7gm1m7r,스미싱,택배
517,[Web발신] [교통위반] 범칙금 고지서 발송 완료. 확인 필수 http://short.kr/grjs6nuycp,스미싱,범칙금
518,[Web발신] [국민건강보험] 환급금 신청 확인 후 입금 예정입니다. http://orl.kr/6u1ly6soxu,스미싱,건강보험
519,[Web발신] [국민건강보험] 환급금 신청 확인 후 입금 예정입니다. http://tinyurl.com/ii3sqdno,스미싱,건강보험
520,[Web발신] 모바일 인증번호가 도착했습니다. 링크 접속 필요 http://naver.me/njp4g,스미싱,기타
521,[Web발신] [국민건강보험] 환급금 신청 확인 후 입금 예정입니다. http://ddns.net/kxbkuk3,스미싱,건강보험
522,[Web발신] 물품 도착했으나 주소 오류로 반송되었습니다. 재확인 부탁드립니다. http://url.kr/i0rnqxdrih,스미싱,택배
523,[Web발신] 등기 도착 안내드립니다. 수령자 확인 필요 http://orl.kr/nyzsr,스미싱,택배
524,[Web발신] [국민건강보험] 환급금 신청 확인 후 입금 예정입니다. http://tinyurl.com/bpomyhotug,스미싱,건강보험
525,[Web발신] 과태료 미납 내역 발생. 자세한 정보 확인 바랍니다. http://me2.do/zh217,스미싱,범칙금
526,[Web발신] 모바일 인증번호가 도착했습니다. 링크 접속 필요 http://t.ly/gq9be10c,스미싱,기타
527,[Web발신] 모바일 돌잔치 초대장을 보내드립니다. 확인해주세요. http://t.ly/50cul8,스미싱,경조사
528,[Web발신] 새해 선물 발송 안내드립니다. 주소 확인 바랍니다. http://url.kr/ks5njk8o51,스미싱,명절
529,[Web발신] 새해 선물 발송 안내드립니다. 주소 확인 바랍니다. http://tinyurl.com/zhhl00f7,스미싱,명절
530,[Web발신] 청첩장이 도착했습니다. 많은 참석 부탁드립니다. http://t.ly/la7z82d,스미싱,경조사
531,[Web발신] [교통위반] 범칙금 고지서 발송 완료. 확인 필수 http://naver.me/6z3peps,스미싱,범칙금
532,[Web발신] [교통위반] 범칙금 고지서 발송 완료. 확인 필수 http://me2.do/nij2j1ln,스미싱,범칙금
533,[Web발신] 모바일 돌잔치 초대장을 보내드립니다. 확인해주세요. http://url.kr/2m6og31fvw,스미싱,경조사
534,[Web발신] 모바일 돌잔치 초대장을 보내드립니다. 확인해주세요. http://t.ly/1kzmvux3zm,스미싱,경조사
535,[Web발신] [교통위반] 범칙금 고지서 발송 완료. 확인 필수 http://bit.ly/n39pua16,스미싱,범칙금
536,[Web발신] 고객님 택배 배송이 지연 중입니다. 확인 바랍니다. http://short.kr/yj88d3tqlu,스미싱,택배
537,[Web발신] 고객님 택배 배송이 지연 중입니다. 확인 바랍니다. http://me2.do/mhozlfvs,스미싱,택배
538,[Web발신] 과태료 미납 내역 발생. 자세한 정보 확인 바랍니다. http://bit.ly/qrg97vti9,스미싱,범칙금
539,[Web발신] [국민건강보험] 환급금 신청 확인 후 입금 예정입니다. http://tinyurl.com/rk60x,스미싱,건강보험
540,[Web발신] 청첩장이 도착했습니다. 많은 참석 부탁드립니다. http://bit.ly/z8g8b,스미싱,경조사
541,[Web발신] 고객님 휴대폰 요금 미납 내역 발생. 확인 요망 http://t.ly/72f3ni,스미싱,기타
542,[Web발신] 과태료 미납 내역 발생. 자세한 정보 확인 바랍니다. http://naver.me/mtiv4,스미싱,범칙금
543,[Web발신] 과태료 미납 내역 발생. 자세한 정보 확인 바랍니다. http://naver.me/2pd271d6dc,스미싱,범칙금
544,[Web발신] 추석 선물 쿠폰이 도착했습니다. 지금 확인하세요! http://me2.do/0bbcm,스미싱,명절
545,[Web발신] 추석 선물 쿠폰이 도착했습니다. 지금 확인하세요! http://t.ly/u7utf,스미싱,명절
546,[Web발신] [국민건강보험] 환급금 신청 확인 후 입금 예정입니다. http://me2.do/dp6h87,스미싱,건강보험
547,[Web발신] 추석 선물 쿠폰이 도착했습니다. 지금 확인하세요! http://me2.do/lwwxcb03,스미싱,명절
548,[Web발신] 모바일 돌잔치 초대장을 보내드립니다. 확인해주세요. http://t.ly/f12c5nj7xy,스미싱,경조사
549,[Web발신] 청첩장이 도착했습니다. 많은 참석 부탁드립니다. http://naver.me/1kn0hwj,스미싱,경조사
550,[Web발신] 추석 선물 쿠폰이 도착했습니다. 지금 확인하세요! http://short.kr/dux1x,스미싱,명절
551,[Web발신] 새해 선물 발송 안내드립니다. 주소 확인 바랍니다. http://ddns.net/w8qycbug,스미싱,명절
552,[Web발신] [교통위반] 범칙금 고지서 발송 완료. 확인 필수 http://naver.me/1q1dji,스미싱,범칙금
553,[Web발신] 추석 선물 쿠폰이 도착했습니다. 지금 확인하세요! http://short.kr/ahevjzl,스미싱,명절
554,[Web발신] 모바일 인증번호가 도착했습니다. 링크 접속 필요 http://url.kr/cjqmhoyd,스미싱,기타
555,[Web발신] 과태료 미납 내역 발생. 자세한 정보 확인 바랍니다. http://ddns.net/6w0xuzza,스미싱,범칙금
556,[Web발신] 청첩장이 도착했습니다. 많은 참석 부탁드립니다. http://short.kr/cahop9r,스미싱,경조사
557,[Web발신] [국민건강보험] 환급금 신청 확인 후 입금 예정입니다. http://tinyurl.com/qjf7ebr,스미싱,건강보험
558,[Web발신] 모바일 인증번호가 도착했습니다. 링크 접속 필요 http://short.kr/8iulw0db,스미싱,기타
559,[Web발신] 새해 선물 발송 안내드립니다. 주소 확인 바랍니다. http://short.kr/v1s18f,스미싱,명절
560,[Web발신] 추석 선물 쿠폰이 도착했습니다. 지금 확인하세요! http://ddns.net/vfl4bowssl,스미싱,명절
561,[Web발신] 고객님 휴대폰 요금 미납 내역 발생. 확인 요망 http://me2.do/y4crar,스미싱,기타
562,[Web발신] 고객님 휴대폰 요금 미납 내역 발생. 확인 요망 http://url.kr/nlp254,스미싱,기타
563,[Web발신] 건강보험료 미납 확인 바랍니다. 추가 정보 확인 http://bit.ly/rpcika76,스미싱,건강보험
564,[Web발신] 과태료 미납 내역 발생. 자세한 정보 확인 바랍니다. http://t.ly/s9bqnx5,스미싱,범칙금
565,[Web발신] 과태료 미납 내역 발생. 자세한 정보 확인 바랍니다. http://url.kr/x5kuo,스미싱,범칙금
566,[Web발신] 고객님 휴대폰 요금 미납 내역 발생. 확인 요망 http://short.kr/yaxv99,스미싱,기타
567,[Web발신] 모바일 인증번호가 도착했습니다. 링크 접속 필요 http://me2.do/x4xgk4gl,스미싱,기타
568,[Web발신] 물품 도착했으나 주소 오류로 반송되었습니다. 재확인 부탁드립니다. http://short.kr/ky8gda,스미싱,택배
569,[Web발신] 과태료 미납 내역 발생. 자세한 정보 확인 바랍니다. http://me2.do/uhxjo,스미싱,범칙금
570,[Web발신] 모바일 돌잔치 초대장을 보내드립니다. 확인해주세요. http://ddns.net/vjt0a,스미싱,경조사
571,[Web발신] [교통위반] 범칙금 고지서 발송 완료. 확인 필수 http://t.ly/wijbi6,스미싱,범칙금
572,[Web발신] 새해 선물 발송 안내드립니다. 주소 확인 바랍니다. http://t.ly/4p26sn,스미싱,명절
573,[Web발신] [교통위반] 범칙금 고지서 발송 완료. 확인 필수 http://url.kr/9pb670yk,스미싱,범칙금
574,[Web발신] 추석 선물 쿠폰이 도착했습니다. 지금 확인하세요! http://naver.me/u912f,스미싱,명절
575,[Web발신] [교통위반] 범칙금 고지서 발송 완료. 확인 필수 http://url.kr/30v7q5l,스미싱,범칙금
576,[Web발신] 추석 선물 쿠폰이 도착했습니다. 지금 확인하세요! http://orl.kr/6qhvcy0,스미싱,명절
577,[Web발신] 모바일 돌잔치 초대장을 보내드립니다. 확인해주세요. http://short.kr/eppwt2iw5,스미싱,경조사
578,[Web발신] [교통위반] 범칙금 고지서 발송 완료. 확인 필수 http://ddns.net/bz66hkt,스미싱,범칙금
579,[Web발신] 새해 선물 발송 안내드립니다. 주소 확인 바랍니다. http://me2.do/qm8tx0lpv,스미싱,명절
580,[Web발신] [국민건강보험] 환급금 신청 확인 후 입금 예정입니다. http://url.kr/8n0cy,스미싱,건강보험
581,[Web발신] 과태료 미납 내역 발생. 자세한 정보 확인 바랍니다. http://url.kr/7ripc,스미싱,범칙금
582,[Web발신] 청첩장이 도착했습니다. 많은 참석 부탁드립니다. http://url.kr/e3krho,스미싱,경조사
583,[Web발신] 고객님 휴대폰 요금 미납 내역 발생. 확인 요망 http://orl.kr/zaqadc9o,스미싱,기타
584,[Web발신] 고객님 택배 배송이 지연 중입니다. 확인 바랍니다. http://bit.ly/mxkpnfcv,스미싱,택배
585,[Web발신] 과태료 미납 내역 발생. 자세한 정보 확인 바랍니다. http://orl.kr/3jspdh,스미싱,범칙금
586,[Web발신] 과태료 미납 내역 발생. 자세한 정보 확인 바랍니다. http://me2.do/v9n4416,스미싱,범칙금
587,[Web발신] 건강보험료 미납 확인 바랍니다. 추가 정보 확인 http://naver.me/2q38m6y,스미싱,건강보험
588,[Web발신] 모바일 인증번호가 도착했습니다. 링크 접속 필요 http://ddns.net/yxtqjop,스미싱,기타
589,[Web발신] [교통위반] 범칙금 고지서 발송 완료. 확인 필수 http://short.kr/p1bulr,스미싱,범칙금
590,[Web발신] 물품 도착했으나 주소 오류로 반송되었습니다. 재확인 부탁드립니다. http://orl.kr/stxos,스미싱,택배
591,[Web발신] 추석 선물 쿠폰이 도착했습니다. 지금 확인하세요! http://orl.kr/coh3y,스미싱,명절
592,[Web발신] 청첩장이 도착했습니다. 많은 참석 부탁드립니다. http://short.kr/9zwvz8,스미싱,경조사
593,[Web발신] 고객님 택배 배송이 지연 중입니다. 확인 바랍니다. http://bit.ly/jju51h7pxs,스미싱,택배
594,[Web발신] 새해 선물 발송 안내드립니다. 주소 확인 바랍니다. http://ddns.net/s62p01,스미싱,명절
595,[Web발신] [교통위반] 범칙금 고지서 발송 완료. 확인 필수 http://short.kr/mfpr0tt,스미싱,범칙금
596,[Web발신] [국민건강보험] 환급금 신청 확인 후 입금 예정입니다. http://t.ly/gg54m,스미싱,건강보험
597,[Web발신] [국민건강보험] 환급금 신청 확인 후 입금 예정입니다. http://url.kr/k2tdqtrp32,스미싱,건강보험
598,[Web발신] 청첩장이 도착했습니다. 많은 참석 부탁드립니다. http://short.kr/j0vcvlf7,스미싱,경조사
599,[Web발신] 고객님 택배 배송이 지연 중입니다. 확인 바랍니다. http://t.ly/zsobvtkaj0,스미싱,택배
600,[Web발신] 물품 도착했으나 주소 오류로 반송되었습니다. 재확인 부탁드립니다. http://tinyurl.com/7fftfmbr,스미싱,택배
601,[Web발신] 청첩장이 도착했습니다. 많은 참석 부탁드립니다. http://short.kr/a32w27,스미싱,경조사
602,[Web발신] 새해 선물 발송 안내드립니다. 주소 확인 바랍니다. http://ddns.net/g8vfbhva,스미싱,명절
603,[Web발신] 등기 도착 안내드립니다. 수령자 확인 필요 http://bit.ly/98vmvbp4b,스미싱,택배
604,[Web발신] 모바일 돌잔치 초대장을 보내드립니다. 확인해주세요. http://short.kr/lhhj481l7,스미싱,경조사
605,[Web발신] 새해 선물 발송 안내드립니다. 주소 확인 바랍니다. http://url.kr/bceztn,스미싱,명절
606,[Web발신] 건강보험료 미납 확인 바랍니다. 추가 정보 확인 http://ddns.net/4p0w7,스미싱,건강보험
607,[Web발신] 새해 선물 발송 안내드립니다. 주소 확인 바랍니다. http://tinyurl.com/5rwxcfk4c,스미싱,명절
608,[Web발신] 추석 선물 쿠폰이 도착했습니다. 지금 확인하세요! http://tinyurl.com/czr8nd9,스미싱,명절
609,[Web발신] 새해 선물 발송 안내드립니다. 주소 확인 바랍니다. http://me2.do/9adj9e,스미싱,명절
610,[Web발신] 모바일 돌잔치 초대장을 보내드립니다. 확인해주세요. http://t.ly/fey4t,스미싱,경조사
611,[Web발신] [국민건강보험] 환급금 신청 확인 후 입금 예정입니다. http://t.ly/yvd122mz,스미싱,건강보험
612,[Web발신] 모바일 인증번호가 도착했습니다. 링크 접속 필요 http://url.kr/c11eqv9b,스미싱,기타
613,[Web발신] 고객님 택배 배송이 지연 중입니다. 확인 바랍니다. http://ddns.net/uvec3hn,스미싱,택배
614,[Web발신] 물품 도착했으나 주소 오류로 반송되었습니다. 재확인 부탁드립니다. http://tinyurl.com/hr6oveiz9,스미싱,택배
615,[Web발신] [교통위반] 범칙금 고지서 발송 완료. 확인 필수 http://me2.do/bfhnhq,스미싱,범칙금
616,[Web발신] [국민건강보험] 환급금 신청 확인 후 입금 예정입니다. http://t.ly/hy1e0n0s,스미싱,건강보험
617,[Web발신] 추석 선물 쿠폰이 도착했습니다. 지금 확인하세요! http://ddns.net/uvv9rg8pno,스미싱,명절
618,[Web발신] 모바일 돌잔치 초대장을 보내드립니다. 확인해주세요. http://me2.do/pfe230f,스미싱,경조사
619,[Web발신] 모바일 인증번호가 도착했습니다. 링크 접속 필요 http://t.ly/f2nmnwj,스미싱,기타
620,[Web발신] 건강보험료 미납 확인 바랍니다. 추가 정보 확인 http://t.ly/rs4edz18xv,스미싱,건강보험
621,[Web발신] 고객님 택배 배송이 지연 중입니다. 확인 바랍니다. http://me2.do/qrmwxup1z,스미싱,택배
622,[Web발신] [교통위반] 범칙금 고지서 발송 완료. 확인 필수 http://ddns.net/7wm5edy07,스미싱,범칙금
623,[Web발신] 건강보험료 미납 확인 바랍니다. 추가 정보 확인 http://ddns.net/u9ff3,스미싱,건강보험
624,[Web발신] [교통위반] 범칙금 고지서 발송 완료. 확인 필수 http://t.ly/bsyza5o,스미싱,범칙금
625,[Web발신] 새해 선물 발송 안내드립니다. 주소 확인 바랍니다. http://orl.kr/miyh6l,스미싱,명절
626,[Web발신] [교통위반] 범칙금 고지서 발송 완료. 확인 필수 http://bit.ly/x20zt,스미싱,범칙금
627,[Web발신] 추석 선물 쿠폰이 도착했습니다. 지금 확인하세요! http://tinyurl.com/umg1zru,스미싱,명절
628,[Web발신] 청첩장이 도착했습니다. 많은 참석 부탁드립니다. http://bit.ly/mtet7,스미싱,경조사
629,[Web발신] 건강보험료 미납 확인 바랍니다. 추가 정보 확인 http://short.kr/pdhapa,스미싱,건강보험
630,[Web발신] [국민건강보험] 환급금 신청 확인 후 입금 예정입니다. http://me2.do/9s5tmala,스미싱,건강보험
631,[Web발신] 과태료 미납 내역 발생. 자세한 정보 확인 바랍니다. http://url.kr/mk83c,스미싱,범칙금
632,[Web발신] 모바일 돌잔치 초대장을 보내드립니다. 확인해주세요. http://me2.do/u28k0fax,스미싱,경조사
633,[Web발신] 추석 선물 쿠폰이 도착했습니다. 지금 확인하세요! http://me2.do/czonuu,스미싱,명절
634,[Web발신] 고객님 택배 배송이 지연 중입니다. 확인 바랍니다. http://ddns.net/81j5d29yet,스미싱,택배
635,[Web발신] [국민건강보험] 환급금 신청 확인 후 입금 예정입니다. http://me2.do/xipbm7v7o,스미싱,건강보험
636,[Web발신] 모바일 돌잔치 초대장을 보내드립니다. 확인해주세요. http://t.ly/gtfuwtd,스미싱,경조사
637,[Web발신] 물품 도착했으나 주소 오류로 반송되었습니다. 재확인 부탁드립니다. http://bit.ly/8dkzq,스미싱,택배
638,[Web발신] 고객님 택배 배송이 지연 중입니다. 확인 바랍니다. http://me2.do/eiumn5p,스미싱,택배
639,[Web발신] [교통위반] 범칙금 고지서 발송 완료. 확인 필수 http://tinyurl.com/3xr9iatd,스미싱,범칙금
640,[Web발신] [교통위반] 범칙금 고지서 발송 완료. 확인 필수 http://naver.me/v13ju,스미싱,범칙금
641,[Web발신] 새해 선물 발송 안내드립니다. 주소 확인 바랍니다. http://t.ly/0tm917qg3,스미싱,명절
642,[Web발신] [국민건강보험] 환급금 신청 확인 후 입금 예정입니다. http://short.kr/muo1avzt,스미싱,건강보험
643,[Web발신] 고객님 휴대폰 요금 미납 내역 발생. 확인 요망 http://bit.ly/evo6swzc,스미싱,기타
644,[Web발신] 추석 선물 쿠폰이 도착했습니다. 지금 확인하세요! http://naver.me/s9lp99,스미싱,명절
645,[Web발신] 건강보험료 미납 확인 바랍니다. 추가 정보 확인 http://bit.ly/wh3hup8,스미싱,건강보험
646,[Web발신] [교통위반] 범칙금 고지서 발송 완료. 확인 필수 http://naver.me/dmt9qqxg,스미싱,범칙금
647,[Web발신] 모바일 인증번호가 도착했습니다. 링크 접속 필요 http://tinyurl.com/nimf6,스미싱,기타
648,[Web발신] 모바일 돌잔치 초대장을 보내드립니다. 확인해주세요. http://tinyurl.com/6nujs8h,스미싱,경조사
649,[Web발신] 등기 도착 안내드립니다. 수령자 확인 필요 http://bit.ly/tz2qnti4x,스미싱,택배
650,[Web발신] 모바일 돌잔치 초대장을 보내드립니다. 확인해주세요. http://url.kr/nibdd,스미싱,경조사
651,[Web발신] 모바일 돌잔치 초대장을 보내드립니다. 확인해주세요. http://me2.do/4dhvz3w,스미싱,경조사
652,[Web발신] 새해 선물 발송 안내드립니다. 주소 확인 바랍니다. http://naver.me/x7rtws85ou,스미싱,명절
653,[Web발신] 청첩장이 도착했습니다. 많은 참석 부탁드립니다. http://me2.do/jcwes,스미싱,경조사
654,[Web발신] 모바일 인증번호가 도착했습니다. 링크 접속 필요 http://ddns.net/l43nhme,스미싱,기타
655,[Web발신] 고객님 택배 배송이 지연 중입니다. 확인 바랍니다. http://url.kr/r6wye2emom,스미싱,택배
656,[Web발신] [교통위반] 범칙금 고지서 발송 완료. 확인 필수 http://orl.kr/k07e1aa,스미싱,범칙금
657,[Web발신] 고객님 휴대폰 요금 미납 내역 발생. 확인 요망 http://short.kr/6rnu612,스미싱,기타
658,[Web발신] 고객님 택배 배송이 지연 중입니다. 확인 바랍니다. http://tinyurl.com/9l7sc,스미싱,택배
659,[Web발신] 건강보험료 미납 확인 바랍니다. 추가 정보 확인 http://naver.me/yo4y1ucj9,스미싱,건강보험
660,[Web발신] 고객님 택배 배송이 지연 중입니다. 확인 바랍니다. http://t.ly/ext9y,스미싱,택배
661,[Web발신] 청첩장이 도착했습니다. 많은 참석 부탁드립니다. http://short.kr/64kbcz4,스미싱,경조사
662,[Web발신] 물품 도착했으나 주소 오류로 반송되었습니다. 재확인 부탁드립니다. http://bit.ly/beofq8ehdc,스미싱,택배
663,[Web발신] [국민건강보험] 환급금 신청 확인 후 입금 예정입니다. http://ddns.net/tq2bl4icc,스미싱,건강보험
664,[Web발신] 과태료 미납 내역 발생. 자세한 정보 확인 바랍니다. http://me2.do/deyg7ov,스미싱,범칙금
665,[Web발신] 고객님 휴대폰 요금 미납 내역 발생. 확인 요망 http://short.kr/bh00hnx,스미싱,기타
666,[Web발신] 고객님 휴대폰 요금 미납 내역 발생. 확인 요망 http://me2.do/tq3ficr,스미싱,기타
667,[Web발신] 건강보험료 미납 확인 바랍니다. 추가 정보 확인 http://short.kr/mtufy,스미싱,건강보험
668,[Web발신] 청첩장이 도착했습니다. 많은 참석 부탁드립니다. http://me2.do/gvq5m,스미싱,경조사
669,[Web발신] 추석 선물 쿠폰이 도착했습니다. 지금 확인하세요! http://short.kr/q7bxt3pjd,스미싱,명절
670,[Web발신] 과태료 미납 내역 발생. 자세한 정보 확인 바랍니다. http://tinyurl.com/cisfrrm8a1,스미싱,범칙금
671,[Web발신] 모바일 돌잔치 초대장을 보내드립니다. 확인해주세요. http://ddns.net/8roo8,스미싱,경조사
672,[Web발신] 고객님 휴대폰 요금 미납 내역 발생. 확인 요망 http://tinyurl.com/xvpzg,스미싱,기타
673,[Web발신] [국민건강보험] 환급금 신청 확인 후 입금 예정입니다. http://short.kr/2n17zy7,스미싱,건강보험
674,[Web발신] 과태료 미납 내역 발생. 자세한 정보 확인 바랍니다. http://orl.kr/m1hyo,스미싱,범칙금
675,[Web발신] 추석 선물 쿠폰이 도착했습니다. 지금 확인하세요! http://me2.do/ixd1by9qe,스미싱,명절
676,[Web발신] 새해 선물 발송 안내드립니다. 주소 확인 바랍니다. http://orl.kr/tit8ev0,스미싱,명절
677,[Web발신] 새해 선물 발송 안내드립니다. 주소 확인 바랍니다. http://url.kr/n1dnqcq,스미싱,명절
678,[Web발신] 모바일 인증번호가 도착했습니다. 링크 접속 필요 http://orl.kr/ipwhlp,스미싱,기타
679,[Web발신] 물품 도착했으나 주소 오류로 반송되었습니다. 재확인 부탁드립니다. http://url.kr/v4fn77q,스미싱,택배
680,[Web발신] 모바일 인증번호가 도착했습니다. 링크 접속 필요 http://url.kr/l0k9tz2,스미싱,기타
681,[Web발신] 새해 선물 발송 안내드립니다. 주소 확인 바랍니다. http://naver.me/brjxp,스미싱,명절
682,[Web발신] [국민건강보험] 환급금 신청 확인 후 입금 예정입니다. http://me2.do/k1aup,스미싱,건강보험
683,[Web발신] 고객님 휴대폰 요금 미납 내역 발생. 확인 요망 http://tinyurl.com/9my5gi,스미싱,기타
684,[Web발신] 건강보험료 미납 확인 바랍니다. 추가 정보 확인 http://tinyurl.com/6r9ew,스미싱,건강보험
685,[Web발신] 모바일 돌잔치 초대장을 보내드립니다. 확인해주세요. http://tinyurl.com/o8kywco,스미싱,경조사
686,[Web발신] 청첩장이 도착했습니다. 많은 참석 부탁드립니다. http://t.ly/l609e3,스미싱,경조사
687,[Web발신] 과태료 미납 내역 발생. 자세한 정보 확인 바랍니다. http://naver.me/0n11r4bu3,스미싱,범칙금
688,[Web발신] 물품 도착했으나 주소 오류로 반송되었습니다. 재확인 부탁드립니다. http://bit.ly/d77b6boq,스미싱,택배
689,[Web발신] 고객님 택배 배송이 지연 중입니다. 확인 바랍니다. http://tinyurl.com/bc7kq4p,스미싱,택배
690,[Web발신] 건강보험료 미납 확인 바랍니다. 추가 정보 확인 http://url.kr/spo88f5,스미싱,건강보험
691,[Web발신] 과태료 미납 내역 발생. 자세한 정보 확인 바랍니다. http://url.kr/nfdjew3,스미싱,범칙금
692,[Web발신] 등기 도착 안내드립니다. 수령자 확인 필요 http://me2.do/loev5mhmp,스미싱,택배
693,[Web발신] 청첩장이 도착했습니다. 많은 참석 부탁드립니다. http://short.kr/w5bqk,스미싱,경조사
694,[Web발신] 새해 선물 발송 안내드립니다. 주소 확인 바랍니다. http://t.ly/sw06slz1,스미싱,명절
695,[Web발신] 물품 도착했으나 주소 오류로 반송되었습니다. 재확인 부탁드립니다. http://short.kr/xypxvd1jy,스미싱,택배
696,[Web발신] 등기 도착 안내드립니다. 수령자 확인 필요 http://t.ly/jmvtfp1l9,스미싱,택배
697,[Web발신] [국민건강보험] 환급금 신청 확인 후 입금 예정입니다. http://tinyurl.com/r9o8vvt,스미싱,건강보험
698,[Web발신] 모바일 인증번호가 도착했습니다. 링크 접속 필요 http://orl.kr/1e6hxe,스미싱,기타
699,[Web발신] [국민건강보험] 환급금 신청 확인 후 입금 예정입니다. http://bit.ly/8ip8v,스미싱,건강보험
700,[Web발신] 과태료 미납 내역 발생. 자세한 정보 확인 바랍니다. http://me2.do/spfk0,스미싱,범칙금
701,[Web발신] 과태료 미납 내역 발생. 자세한 정보 확인 바랍니다. http://ddns.net/6zucg,스미싱,범칙금
702,[Web발신] 청첩장이 도착했습니다. 많은 참석 부탁드립니다. http://naver.me/if14v,스미싱,경조사
703,[Web발신] 건강보험료 미납 확인 바랍니다. 추가 정보 확인 http://orl.kr/f50qg,스미싱,건강보험
704,[Web발신] 새해 선물 발송 안내드립니다. 주소 확인 바랍니다. http://orl.kr/9102t,스미싱,명절
705,[Web발신] 청첩장이 도착했습니다. 많은 참석 부탁드립니다. http://bit.ly/ivyia,스미싱,경조사
706,[Web발신] 과태료 미납 내역 발생. 자세한 정보 확인 바랍니다. http://short.kr/g37h3egx3,스미싱,범칙금
707,[Web발신] 고객님 택배 배송이 지연 중입니다. 확인 바랍니다. http://bit.ly/9wm74oe,스미싱,택배
708,[Web발신] [교통위반] 범칙금 고지서 발송 완료. 확인 필수 http://t.ly/bsf6me9ve,스미싱,범칙금
709,[Web발신] 건강보험료 미납 확인 바랍니다. 추가 정보 확인 http://bit.ly/j94it1i,스미싱,건강보험
710,[Web발신] 추석 선물 쿠폰이 도착했습니다. 지금 확인하세요! http://tinyurl.com/ozgk9gk,스미싱,명절
711,[Web발신] 새해 선물 발송 안내드립니다. 주소 확인 바랍니다. http://t.ly/j97zpybr4,스미싱,명절
712,[Web발신] 모바일 인증번호가 도착했습니다. 링크 접속 필요 http://short.kr/gbkg8,스미싱,기타
